event_id,title
1,cain velasquez vs. travis browne
1,frankie edgar vs. josé aldo
1,anderson silva vs. daniel cormier
1,brock lesnar vs. mark hunt
1,amanda nunes vs. miesha tate
2,ben nguyen vs. louis smolka
2,keita nakamura vs. kyle noke
2,aleksei oleinik vs. daniel omielańczuk
2,josh samman vs. tim boetsch
2,lando vannata vs. tony ferguson
2,john lineker vs. michael mcdonald
3,felice herrig vs. kailin curran
3,bojan mihajlović vs. francis ngannou
3,edson barboza vs. gilbert melendez
3,holly holm vs. valentina shevchenko
4,fredy serrano vs. ryan benoit
4,francisco rivera vs. érik pérez
4,jake ellenberger vs. matt brown
4,karolina kowalkiewicz vs. rose namajunas
4,robbie lawler vs. tyron woodley
5,sabah homasi vs. tim means
5,hyun gyu lim vs. mike perry
5,donald cerrone vs. rick story
5,anthony johnson vs. glover teixeira
5,conor mcgregor vs. nate diaz
6,jim miller vs. joe lauzon
6,bec rawlings vs. paige vanzant
6,anthony pettis vs. charles oliveira
6,carlos condit vs. demian maia
7,nick hein vs. tae hyun bang
7,ilir latifi vs. ryan bader
7,alexander gustafsson vs. jan błachowicz
7,andrei arlovski vs. josh barnett
8,joanne calderwood vs. jéssica andrade
8,jimmie rivera vs. urijah faber
8,cm punk vs. mickey gall
8,fabrício werdum vs. travis browne
8,alistair overeem vs. stipe miocic
9,chas skelly vs. maximo blanco
9,chris wade vs. islam makhachev
9,kenny robertson vs. roan carneiro
9,evan dunham vs. rick glenn
9,derek brunson vs. uriah hall
9,dustin poirier vs. michael johnson
10,godofredo pepey vs. mike de la torre
10,eric spicely vs. thiago santos
10,francisco trinaldo vs. paul felder
10,antônio silva vs. roy nelson
10,phillipe nover vs. renan barão
10,cris cyborg vs. lina länsberg
11,brandon moreno vs. louis smolka
11,josh burkman vs. zak ottow
11,alex oliveira vs. will brooks
11,john dodson vs. john lineker
12,mirsad bektić vs. russell doane
12,daniel omielańczuk vs. stefan struve
12,jimi manuwa vs. ovince saint preux
12,gegard mousasi vs. vitor belfort
12,dan henderson vs. michael bisping
13,alexa grasso vs. heather jo clark
13,beneil dariush vs. rashid magomedov
13,claudio puelles vs. martín bravo
13,charles oliveira vs. ricardo lamas
13,diego sanchez vs. marcin held
13,rafael dos anjos vs. tony ferguson
14,miesha tate vs. raquel pennington
14,chris weidman vs. yoel romero
14,joanna jędrzejczyk vs. karolina kowalkiewicz
14,stephen thompson vs. tyron woodley
14,conor mcgregor vs. eddie alvarez
15,artem lobov vs. teruto ishihara
15,alexander volkov vs. timothy johnson
15,ross pearson vs. stevie ray
15,gegard mousasi vs. uriah hall
16,sérgio moraes vs. zak ottow
16,kamaru usman vs. warlley alves
16,krzysztof jotko vs. thales leites
16,cláudia gadelha vs. cortney casey
16,albert morales vs. thomas almeida
16,antônio rogério nogueira vs. ryan bader
17,danielle taylor vs. seo hee ham
17,khalil rountree vs. tyson pedro
17,alexander volkanovski vs. yusuke kasuya
17,kyle noke vs. omari akhmedov
17,andrew holbrook vs. jake matthews
17,derek brunson vs. robert whittaker
18,gian villante vs. saparbek safarov
18,corey anderson vs. sean o'connell
18,anthony hamilton vs. francis ngannou
18,derrick lewis vs. shamil abdurakhimov
19,emil weber meek vs. jordan mein
19,kelvin gastelum vs. tim kennedy
19,cub swanson vs. doo ho choi
19,donald cerrone vs. matt brown
19,anthony pettis vs. max holloway
20,alan jouban vs. mike perry
20,brad pickett vs. urijah faber
20,mickey gall vs. sage northcutt
20,michelle waterson vs. paige vanzant
21,louis smolka vs. ray borg
21,dong hyun kim vs. tarec saffiedine
21,john lineker vs. t.j. dillashaw
21,cody garbrandt vs. dominick cruz
21,amanda nunes vs. ronda rousey
22,jake ellenberger vs. mike perry
22,joe lauzon vs. stevie ray
22,eddie wineland vs. john dodson
22,marcos rogério de lima vs. ovince saint preux
22,al iaquinta vs. diego sanchez
22,artem lobov vs. cub swanson
23,john moraga vs. sergio pettis
23,ben saunders vs. court mcgee
23,joe lauzon vs. marcin held
23,b.j. penn vs. yair rodríguez
24,alex caceres vs. jason knight
24,andrei arlovski vs. francis ngannou
24,donald cerrone vs. jorge masvidal
24,julianna peña vs. valentina shevchenko
25,angela hill vs. jéssica andrade
25,anthony hamilton vs. marcel fortuna
25,ovince saint preux vs. volkan oezdemir
25,abel trujillo vs. james vick
25,alexa grasso vs. felice herrig
25,chan sung jung vs. dennis bermudez
26,dustin poirier vs. jim miller
26,glover teixeira vs. jared cannonier
26,ronaldo souza vs. tim boetsch
26,anderson silva vs. derek brunson
26,germaine de randamie vs. holly holm
27,alessandro ricci vs. paul felder
27,gina mazany vs. sara mcmann
27,cezar ferreira vs. elias theodorou
27,gavin tucker vs. sam sicilia
27,hector lombard vs. johny hendricks
27,derrick lewis vs. travis browne
28,alistair overeem vs. mark hunt
28,amanda cooper vs. cynthia calvillo
28,dan kelly vs. rashad evans
28,david teymur vs. lando vannata
28,stephen thompson vs. tyron woodley 2
29,alex oliveira vs. tim means
29,bethe correia vs. marion reneau
29,jussier formiga vs. ray borg
29,beneil dariush vs. edson barboza
29,gian villante vs. maurício rua
29,kelvin gastelum vs. vitor belfort
30,arnold allen vs. makwan amirkhani
30,brad pickett vs. marlon vera
30,alan jouban vs. gunnar nelson
30,corey anderson vs. jimi manuwa
32,jeremy stephens vs. renato moicano
32,robert whittaker vs. ronaldo souza
32,michelle waterson vs. rose namajunas
32,demetrious johnson vs. wilson reis
33,alex nicholson vs. jack hermansson
33,nordine taleb vs. oliver enkamp
33,abdul razak alhassan vs. omari akhmedov
33,ben saunders vs. peter sobotta
33,misha cirkunov vs. volkan oezdemir
33,alexander gustafsson vs. glover teixeira
34,erick silva vs. yancy medeiros
34,oluwale bamgbose vs. paulo costa
34,nate marquardt vs. vitor belfort
34,cláudia gadelha vs. karolina kowalkiewicz
34,josé aldo vs. max holloway
35,alexander volkanovski vs. mizuto hirota
35,ben nguyen vs. tim elliot
35,henrique da silva vs. ion cuțelaba
35,dan hooker vs. ross pearson
35,daniel kelly vs. derek brunson
35,derrick lewis vs. mark hunt
36,rafael dos anjos vs. tarec saffiedine
36,colby covington vs. dong hyun kim
36,andrei arlovski vs. marcin tybura
36,bethe correia vs. holly holm
37,b.j. penn vs. dennis siver
37,alex garcia vs. tim means
37,dominick reyes vs. joachim christensen
37,felice herrig vs. justine kish
37,johny hendricks vs. tim boetsch
37,kevin lee vs. michael chiesa
38,douglas silva de andrade vs. rob font
38,anthony pettis vs. jim miller
38,curtis blaydes vs. daniel omielańczuk
38,alistair overeem vs. fabrício werdum
38,robert whittaker vs. yoel romero
39,james mulheron vs. justin willis
39,khallil rountree jr. vs. paul craig
39,jack marshman vs. ryan janes
39,paul felder vs. stevie ray
39,cynthia calvillo vs. joanne calderwood
39,gunnar nelson vs. santiago ponzinibbio
40,jimmie rivera vs. thomas almeida
40,gian villante vs. patrick cummins
40,darren elkins vs. dennis bermudez
40,chris weidman vs. kelvin gastelum
42,alejandro pérez vs. andre soukhamthath
42,rashad evans vs. sam alvey
42,humberto bandenay vs. martin bravo
42,alan jouban vs. niko price
42,alexa grasso vs. randa markos
42,brandon moreno vs. sergio pettis
43,bryan barberena vs. leon edwards
43,marion reneau vs. talita bernardo
43,rob wilkinson vs. siyar bahadurzada
43,alexander volkov vs. stefan struve
45,justin ledet vs. zu anyanwu
45,kamaru usman vs. sérgio moraes
45,gregor gillespie vs. jason gonzalez
45,anthony smith vs. héctor lombard
45,alex reyes vs. mike perry
45,david branch vs. luke rockhold
46,jussier formiga vs. ulka sasaki
46,rolando dy vs. teruto ishihara
46,gökhan saki vs. henrique da silva
46,dong hyun ma vs. takanori gomi
46,claudia gadelha vs. jessica andrade
46,ovince saint preux vs. yushin okami
47,kalindra faria vs. mara romero borella
47,fabricio werdum vs. walt harris
47,demetrious johnson vs. ray borg
47,kevin lee vs. tony ferguson
48,jonathan wilson vs. oskar piechota
48,devin clark vs. jan błachowicz
48,jodie esquibel vs. karolina kowalkiewicz
48,darren till vs. donald cerrone
49,john lineker vs. marlon vera
49,jack hermansson vs. thiago santos
49,francisco trinaldo vs. jim miller
49,pedro munhoz vs. rob font
49,colby covington vs. demian maia
49,derek brunson vs. lyoto machida
50,johny hendricks vs. paulo costa
50,jorge masvidal vs. stephen thompson
50,joanna jędrzejczyk vs. rose namajunas
50,cody garbrandt vs. t.j. dillashaw
50,georges st-pierre vs. michael bisping
51,clay guida vs. joe lauzon
51,matthew lopez vs. raphael assuncao
51,cezar ferreira vs. nate marquardt
51,andrei arlovski vs. júnior albini
51,diego sanchez vs. matt brown
51,anthony pettis vs. dustin poirier
52,alexander volkanovski vs. shane young
52,daniel kelly vs. elias theodorou
52,bojan veličković vs. jake matthews
52,belal muhammad vs. tim means
52,bec rawlings vs. jessica-rose clark
53,alex garcia vs. muslim salikhov
53,alex caceres vs. wang guan
53,li jingliang vs. zak ottow
53,kelvin gastelum vs. michael bisping
54,michelle waterson vs. tecia torres
54,eddie alvarez vs. justin gaethje
54,henry cejudo vs. sergio pettis
54,alistair overeem vs. francis ngannou
54,josé aldo vs. max holloway 2
55,glover teixeira vs. misha cirkunov
55,mike perry vs. santiago ponzinibbio
55,josh emmett vs. ricardo lamas
55,rafael dos anjos vs. robbie lawler
56,carlos condit vs. neil magny
56,carla esparza vs. cynthia calvillo
56,dan hooker vs. marc diakiese
56,edson barboza vs. khabib nurmagomedov
56,cris cyborg vs. holly holm
57,darren elkins vs. michael johnson
57,emil meek vs. kamaru usman
57,jessica-rose clark vs. paige vanzant
57,choi dooho vs. jeremy stephens
58,rob font vs. thomas almeida
58,francimar barroso vs. glan villante
58,calvin kattar vs. shane burgos
58,daniel cormier vs. volkan oezdemir
58,francis ngannou vs. stipe miocic
60,anthony smith vs. thiago santos
60,douglas silva de andrade vs. marlon vera
60,marcelo golm vs. timothy johnson
60,desmond green vs. michel prazeres
60,priscilla cachoeira vs. valentina shevchenko
60,eryk anders vs. lyoto machida
61,saparbek safarov vs. tyson pedro
61,jake matthews vs. li jingliang
61,cyril asker vs. tai tuivasa
61,curtis blaydes vs. mark hunt
61,luke rockhold vs. yoel romero
62,sage northcutt vs. thibault gouti
62,brandon davis vs. steven peterson
62,curtis millender vs. thiago alves
62,francisco trinaldo vs. james vick
62,derrick lewis vs. marcin tybura
62,donald cerrone vs. yancy medeiros
64,cat zingano vs. ketlen vieira
64,andrei arlovski vs. stefan struve
64,andre soukhamthath vs. sean o'malley
64,brian ortega vs. frankie edgar
64,cris cyborg vs. yana kunitskaya
65,leon edwards vs. peter sobotta
65,terrion ware vs. tom duquesnoy
65,jan błachowicz vs. jimi manuwa
65,alexander yolkov vs. fabricio werdum
66,cortney casey vs. michelle waterson
66,israel adesanya vs. marvin vettori
66,alex oliveira vs. carlos condit
66,dustin poirer vs. justin gaethje
67,dan hooker vs. jim miller
67,aljamain sterling vs. brett johns
67,david branch vs. thiago santos
67,chase sherman vs. justin willis
67,cub swanson vs. frankie edgar
67,edson barboza vs. kevin lee
68,lyoto machida vs. vitor belfort
68,brian kelleher vs. john lineker
68,amanda cooper vs. mackenzie dern
68,kelvin gastelum vs. ronaldo souza
68,amanda nunes vs. raquel pennington
69,chad laprise vs. vicente luque
69,andrea lee vs. veronica macedo
69,diego rivas vs. guido cannetti
69,dominick reyes vs. jared cannonier
69,alexa grosso vs. tatiana suarez
69,demian maia vs. kamaru usman
70,davey grant vs. manny bermudez
70,cláudio silva vs. nordine taleb
70,jason knight vs. makwan amirkhani
70,arnold allen vs. mads burnell
70,craig white vs. neil magny
70,darren till vs. stephen thompson
71,gian villante vs. sam alvey
71,daniel teymur vs. julio arce
71,ben saunders vs. jake ellenberger
71,daniel spitz vs. walt harris
71,gregor gillespie vs. vinc pichel
71,jimmie rivera vs. marlon moraes
72,cm punk vs. mike jackson
72,andrei arlovski vs. tai tuivasa
72,holly holm vs. megan anderson
72,colby covington vs. rafael dos anjos
72,robert whittaker vs. yoel romero 2
73,daichi abe vs. li jingliang
73,jessica eye vs. jessica-rose clark
73,ovince saint preux vs. tyson pedro
73,donald cerrone vs. leon edwards
74,gökhan saki vs. khalil rountree jr.
74,anthony pettis vs. michael chiesa
74,mike perry vs. paul felder
74,derrick lewis vs. francis ngannou
74,daniel cormier vs. stipe miocic
75,cat zingano vs. marion reneau
75,chad mendes vs. myles jury
75,niko price vs. randy brown
75,dennis bermudez vs. rick glenn
75,sage northcutt vs. zak ottow
75,blagoy ivanov vs. junior dos santos
76,marc diakiese vs. nasrat haqparast
76,danny roberts vs. david zawada
76,marcin tybura vs. stefan struve
76,abu azaitar vs. vitor miranda
76,corey anderson vs. glover teixeira
76,anthony smith vs. mauricio rua
78,kevin holland vs. thiago santos
78,jj aldrich vs. polyana viana
78,cub swanson vs. renato moicano
78,demetrious johnson vs. henry cejudo
78,cody garbrandt vs. t.j. dillashaw 2
79,eryk anders vs. tim williams
79,deiveson figueiredo vs. john moraga
79,bryan barberena vs. jake ellenberger
79,angela hill vs. cortney casey
79,andre fili vs. michael johnson
79,james vick vs. justin gaethje
80,abdul razak alhassan vs. niko price
80,jimmie rivera vs. john dodson
80,brandon davis vs. zabit magomedsharipov
80,jéssica andrade vs. karolina kowalkiewicz
80,darren till vs. tyron woodley
81,alexei kunchenko vs. thiago alves
81,andrei arlovski vs. shamil abdurakhimov
81,jan błachowicz vs. nikita krylov
81,aleksei oleinik vs. mark hunt
82,marina rodriguez vs. randa markos
82,andre ewell vs. renan barão
82,antônio rogério nogueira vs. sam alvey
82,alex oliveira vs. carlo pedersoli jr.
82,eryk anders vs. thiago santos
84,alex garcia vs. court mcgee
84,ed herman vs. gian villante
84,andre soukamthath vs. jonathan martinez
84,misha cirkunov vs. patrick cummins
84,artem lobov vs. michael johnson
84,anthony smith vs. volkan oezdemir
85,derek brunson vs. israel adesanya
85,jack marshman vs. karl roberson
85,david branch vs. jared cannonier
85,chris weidman vs. ronaldo souza
85,daniel cormier vs. derrick lewis
86,luis pena vs. mike trizano
86,hannah cifers vs. maycee barber
86,beneil dariush vs. thiago moises
86,germaine de randamie vs. raquel pennington
86,donald cerrone vs. mike perry
86,chan sung jung vs. yair rodriguez
87,cynthia calvillo vs. pollana botelho
87,guido cannetti vs. marlon vera
87,cezar ferreira vs. ian heinisch
87,johnny walker vs. khalil rountree jr.
87,darren elkins vs. ricardo lamas
87,neil magny vs. santiago ponzinibbio
88,david zawada vs. li jingliang
88,song yadong vs. vince morales
88,alistair overeem vs. sergei pavlovich
88,curtis blaydes vs. francis ngannou
89,jim crute vs. paul craig
89,sodiq yusuff vs. suman mokhtarian
89,anthony rocco martin vs. jake matthews
89,justin willis vs. mark hunt
89,mauricio rua vs. tyson pedro
89,junior dos santos vs. tai tuivasa
90,jimi manuwa vs. thiago santos
90,hakeem dawodu vs. kyle bochniak
90,alex oliveira vs. gunnar nelson
90,joanna jędrzejczyk vs. valentina shevchenko
90,brian ortega vs. max holloway
91,charles oliveira vs. jim miller
91,rob font vs. sergio pettis
91,dan hooker vs. edson barboza
91,al iaquinta vs. kevin lee
93,glover teixeira vs. karl roberson
93,paige vanzant vs. rachael ostovich
93,dustin ortiz vs. joseph benavidez
93,gregor gillespie vs. yancy medeiros
93,allen crowder vs. greg hardy
93,henry cejudo vs. t.j. dillashaw
94,livia renata souza vs. sarah frota
94,johnny walker vs. justin ledet
94,charles oliveira vs. david teymur
94,josé aldo vs. renato moicano
94,demian maia vs. lyman good
94,marlon maroes vs. raphael assunção
95,jim crute vs. sam alvey
95,montana de la rosa vs. nadia kassem
95,rani yahya vs. ricky simon
95,lando vannata vs. marcos rosa mariano
95,anderson silva vs. israel adesanya
96,andre fili vs. myles jury
96,bryan barberena vs. vicente luque
96,alex caceres vs. kron gracie
96,cortney casey vs. cynthia calvillo
96,james vick vs. paul felder
96,cain velasquez vs. francis ngannou
97,kildson farias de abreu vs. magomed ankalaev
97,john dodson vs. petr yan
97,liz carmouche vs. lucie pudilová
97,glan villante vs. michal oleksiejczuk
97,marcos rogério de lima vs. stefan struve
97,jan błachowicz vs. thiago santos
98,omari akhmedov vs. tim boetsch
98,beneil dariush vs. drew dober
98,ben rothwell vs. blagoy ivanov
98,niko price vs. tim means
98,curtis millender vs. elizeu zaleski dos santos
98,derrick lewis vs. junior dos santos
99,jack marshman vs. john phillips
99,cláudio silva vs. danny roberts
99,josé alberto quiñónez vs. nathaniel wood
99,dominick reyes vs. volkan oezdemir
99,gunnar nelson vs. leon edwards
99,darren till vs. jorge masvidal
100,jj aldrich vs. maycee barber
100,luis pena vs. steven peterson
100,dieveson figueiredo vs. jussier formiga
100,jesus pinedo vs. john makdessi
100,curtis blaydes vs. justin willis
100,anthony pettis vs. stephen thompson
101,sheymon moraes vs. sodiq yusuff
101,kennedy nzechukwu vs. paul craig
101,karolina kowalkiewicz vs. michelle waterson
101,josh emmett vs. michael johnson
101,david branch vs. jack hermansson
101,edson barboza vs. justin gaethje
102,nikita krylov vs. ovince saint preux
102,alan jouban vs. dwight grant
102,eryk anders vs. khalil rountree
102,israel adesanya vs. kelvin gastelum
102,dustin poirier vs. max holloway
103,alen amedovski vs. krzysztof jotko
103,antonia shevchenko vs. roxanne modafferi
103,marcelo golm vs. sergei pavlovich
103,arman tsarukyan vs. islam makhachev
103,aleksei oleinik vs. alistair overeem
104,roosevelt roberts vs. thomas gifford
104,cory sandhagen vs. john lineker
104,glover teixeira vs. ion cutelaba
104,alex oliveira vs. mike perry
104,dmitri smoliakov vs. greg hardy
104,jack hermansson vs. ronaldo souza
105,andrew sanchez vs. marc-andre barriault
105,serghei spivac vs. walt harris
105,brad katona vs. merab dvalishvili
105,cub swanson vs. shane burgos
105,derek brunson vs. elias theodorou
105,al iaquinta vs. donald cerrone
106,antonio rogerio nogueira vs. ryan spann
106,diego ferreira vs. francisco trinaldo
106,laureano staropoli vs. thiago alves
106,alexander volkanovski vs. jose aldo
106,anderson silva vs. jared cannonier
106,jessica andrade vs. rose namajunas
107,austin hubbard vs. davi ramos
107,charles oliveira vs. nik lentz
107,derrick krantz vs. vicente luque
107,felicia spencer vs. megan anderson
107,antonio carlos junior vs. ian heinisch
107,kevin lee vs. rafael dos anjos
108,daniel teymur vs. sung bin jo
108,christos giagos vs. damir hadzovic
108,chris fishgold vs. makwan amirkhani
108,aleksandar rakic vs. jimi manuwa
108,ilir latifi vs. volkan oezdemir
108,alexander gustafsson vs. anthony smith
109,blagoy ivanov vs. tai tuivasa
109,jimmie rivera vs. petr yan
109,donald cerrone vs. tony ferguson
109,jessica eye vs. valentina shevchenko
109,henry cejudo vs. marlon moraes
110,ashley yoder vs. syuri kondo
110,alessio di chirico vs. kevin holland
110,andrea lee vs. montana de la rosa
110,john lineker vs. rob font
110,bryan barberena vs. randy brown
110,chan sung jung vs. renato moicano
111,alonzo menifield vs. paul craig
111,drew dober vs. marco polo reyes
111,roosevelt roberts vs. vinc pichel
111,anthony rocco martin vs. demian maia
111,joseph benavidez vs. jussier formiga
111,francis ngannou vs. junior dos santos
112,diego sanchez vs. michael chiesa
112,jan blachowicz vs. luke rockhold
112,ben askren vs. jorge masvidal
112,amanda nunes vs. holly holm
112,jon jones vs. thiago santos
113,cezar ferreira vs. marvin vettori
113,karl roberson vs. wellington turman
113,josh emmett vs. mirsad bektic
113,ricky simon vs. urijah faber
113,aspen ladd vs. germaine de randamie
114,andrei arlovski vs. ben rothwell
114,alexander hernandez vs. francisco trinaldo
114,dan hooker vs. james vick
114,greg hardy vs. juan adams
114,aleksei oleinik vs. walt harris
114,leon edwards vs. rafael dos anjos
115,krzysztof jotko vs. marc-andré barriault
115,arman tsarukyan vs. olivier aubin-mercier
115,geoff neal vs. niko price
115,cris cyborg vs. felicia spencer
115,frankie edgar vs. max holloway
116,darko stošić vs. kennedy nzechukwu
116,dong hyun ma vs. scott holtzman
116,gerald meerschaert vs. trevin giles
116,joaquim silva vs. nasrat haqparast
116,clay guida vs. jim miller
116,colby covington vs. robbie lawler
117,polyana viana vs. veronica macedo
117,alex da silva coelho vs. rodrigo vargas
117,chris gutierrez vs. geraldo de freitas jr.
117,raulian paiva vs. rogerio bontorin
117,marina rodriguez vs. tecia torres
117,ciryl gane vs. raphael pessoa
117,alexey kunchenko vs. gibert burns
118,derek brunson vs. ian heinisch
118,gabriel benitez vs. sodiq yusuff
118,paulo costa vs. yoel romero
118,anthony pettis vs. nate diaz
118,daniel cormier vs. stipe miocic 2
119,mizuki inoue vs. yanan wu
119,mosvar evloev vs. zhenhong lv
119,kai kara-france vs. mark de la rosa
119,elizeu zaleski dos santos vs. li jingliang
119,jessica andrade vs. weili zhang
120,carlos diego ferreira vs. mairbek taisumov
120,curtis blaydes vs. shamil abdurakhimov
120,davi ramos vs. islam makhachev
120,edson barboza vs. paul felder
120,dustin poirier vs. khabib nurmagomedov
121,jim crute vs. misha cirkunov
121,antônio carlos júnior vs. uriah hall
121,michel pereira vs. tristan connelly
121,jeff hughes vs. todd duffee
121,glover teixeira vs. nikita krylov
121,donald cerrone vs. justin gaethje
122,martin bravo vs. steven peterson
122,irene aldana vs. vanessa melo
122,askar askarov vs. brandon moreno
122,alexa grasso vs. carla esparza
122,jeremy stephens vs. yair rodriguez
123,alex oliveira vs. nicolas dalby
123,michal oleksiejczuk vs. ovince saint preux
123,ion cuțelaba vs. khalil rountree
123,gilbert burns vs. gunnar nelson
123,danilo belluardo vs. mark madsen
123,jack hermansson vs. jared cannonier
124,justin tafa vs. yorgan de castro
124,dhiego lima vs. luke jumeau
124,sergey spivak vs. tai tuivasa
124,al iaquinta vs. dan hooker
124,israel adesanya vs. robert whittaker
125,eryk anders vs. gerald meerschaert
125,luis pena vs. matt frevola
125,amanda ribas vs. mackenzie dern
125,james vick vs. niko price
125,cub swanson vs. kron gracie
125,joanna jedrzejczyk vs. michelle waterson
126,darren stewart vs. deron winn
126,gillian robertson vs. maycee barber
126,joe lauzon vs. jonathan pearce 
126,ben sosoli vs. greg hardy
126,jeremy stephens vs. yair rodriguez 2
126,chris weidman vs. dominick reyes
127,laureano staropoli vs. muslim salikhov
127,ciryl gane vs. don'tale mayes
127,beneil dariush vs. frank camacho
127,michael johnson vs. stevie ray
127,ben askren vs. demian maia
128,gregor gillespie vs. kevin lee
128,blagoy ivanov vs. derrick lewis
128,stephen thompson vs. vicente luque
128,darren till vs. kelvin gastelum
128,jorge masvidal vs. nate diaz
129,klidson farias de abreu vs. shamil gamzatov
129,anthony rocco martin vs. ramazan emeev
129,ed herman vs. khadis ibragimov
129,danny roberts vs. zelim imadaev
129,alexander volkov vs. greg hardy
129,calvin kattar vs. zabit magomedsharipov
130,ricky simon vs. rob font
130,geraldo de freitas jr. vs. song yadong
130,aspen ladd vs. yana kunitskaya
130,ben rothwell vs. stefan struve
130,cynthia calvillo vs. marina rodriguez
130,alistair overeem vs. jairzinho rozenstruik 
131,petr yan vs. urijah faber
131,jose aldo vs. marlon moraes
131,amanda nunes vs. germaine de randamie
131,alexander volkanovski vs. max holloway
131,colby covington vs. kamaru usman
132,kang kyung-ho vs. pingyuan liu
132,marc-andre barriault vs. park jun-yong
132,jung da un vs. mike rodriguez
132,charles jourdain vs. choi doo-ho
132,aleksandar rakic vs. volkan oezdemir
132,chan sung jung vs. frankie edgar
133,darko stosic vs. jamahal hill
133,angela hill vs. hannah cifers
133,alex perez vs. jordan espinosa
133,michael chiesa vs. rafael dos anjos
133,curtis blaydes vs. junior dos santos
134,lando vannata vs. yancy medeiros
134,ray borg  vs. rogerio bontorin
134,brok weaver vs. kazula vargas
134,mara romero borella vs. montana de la rosa
134,diego sanchez vs. michel pereira
134,corey anderson vs. jan blachowicz
135,brad riddell vs. magomed mustafaev
135,ben sosoli vs. marcos rogério de lima
135,karolina kowalkiewicz vs. yan xiaonan
135,jimmy crute vs. michal oleksiejczuk
135,dan hooker vs. paul felder
136,alexandre pantoja vs. askar askarov
136,ariane lipski vs. luana carolina
136,marc diakiese vs. rafael fiziev
136,jack hermansson vs. kelvin gastelum
136,deiveson figueiredo vs. joseph benavidez
137,francisco trinaldo vs. john makdessi
137,johnny walker vs. nikita krylov
137,damir hadzovic vs. renato moicano
137,demian maia vs. gilbert burns
137,charles oliveira vs. kevin lee
138,michael johnson vs. thiago moises
138,andrei arlovski vs. philipe lins
138,ray borg vs. ricky simon
138,alexander hernandez vs. drew dober
138,ben rothwell vs. ovince saint preux
138,anthony smith vs. glover teixeira
139,marlon vera vs. song yadong
139,eryk anders vs. krzysztof jotko
139,dan ige vs. edson barboza
139,angela hill vs. claudia gadelha
139,alistair overeem vs. walt harris
140,hannah cifers vs. mackenzie dern
140,brok weaver vs. roosevelt roberts
140,billy quarantillo vs. spike carlyle
140,augusto sakai vs. blagoy ivanov
140,gilbert burns vs. tyron woodley
141,hannah cifers vs. mariya agapova
141,jordan espinosa vs. mark de la rosa
141,andre fili vs. charles jourdain
141,charles rosa vs. kevin aguilar
141,karl roberson vs. marvin vettori
141,cynthia calvillo vs. jessica eye
142,jim miller vs. roosevelt roberts
142,belal muhammad vs. lyman good
142,marion reneau vs. raquel pennington
142,josh emmett vs. shane burgos
142,alexander volkov vs. curtis blaydes
143,julian erosa vs. sean woodson
143,jason witt vs. takashi sato
143,brendan allen vs. kyle daukaus
143,gian villante vs. maurice greene
143,mickey gall vs. mike perry
143,dan hooker vs. dustin poirier
144,abdul razak alhassan vs. mounir lazzez
144,molly mccann vs. taila santos
144,cody stamann vs. jimmie rivera
144,ryan benoit vs. tim elliot
144,calvin kattar vs. dan ige
145,darrick minner vs. grant dawson
145,megan anderson vs. norma dumont
145,ion cutelaba vs. magomed ankalaev
145,felicia spencer vs. zarah fairn dos santos
145,deiveson figueiredo vs. joseph benavidez 2
146,khamzat chimaev vs. rhys mckee
146,alex oliveira vs. peter sobotta
146,gadzhimurad antigulov vs. paul craig
146,carla esparza vs. marina rodriguez
146,alexander gustafsson vs. fabricio werdum
146,mauricio rua vs. rogerio nogueira
146,darren till vs. robert whittaker
147,kevin holland vs. trevin giles
147,bobby green vs. lando vannata
147,randy brown vs. vincente luque
147,jennifer maia vs. joanne calderwood
147,derek brunson vs. edmen shahbazyan
148,beneil dariush vs. scott holtzman
148,julija stoliarenko vs. yana kunitskaya
148,darren stewart vs. maki pitolo
148,chris weidman vs. omari akhmedov
148,aleksei oleinik vs. derrick lewis
149,anthony pettis vs. diego ferreira
149,brian kelleher vs. ode osbourne
149,aleksei oleinik vs. maurice green
149,holly holm vs. raquel pennington
149,conor mcgregor vs. donald cerrone
150,austin lingo vs. youssef zalal
150,andre ewell vs. jonathan martinez
150,domingo pilarte vs. journey newson
151,mario bautista vs. miles johns
151,alex morono vs. kalinn williams
151,andrea lee vs. lauren murphy
151,james krause vs. trevin giles
152,derrick lewis vs. ilir latifi
152,dan ige vs. mirsad bektić
152,juan adams vs. justin tafa
152,katlyn chookagian vs. valentina shevchenko
152,dominick reyes vs. jon jones
153,danaa batgerel vs. guido cannetti
153,giga chikadze vs. jamall emmers
154,deron winn vs. gerald meerschaert
154,rodolfo vieira vs. saparbek safarov
154,austin hubbard vs. mark madsen
154,jose alberto quinonez vs. sean o'malley
155,alex oliveira vs. max griffin
155,li jingliang vs. neil magny
155,beneil dariush vs. drakker klose
155,joanna jedrzejczyk vs. weili zhang
155,israel adesanya vs. yoel romero
156,ryan spann vs. sam alvey
156,bryce mitchell vs. charles rosa
157,niko price vs. vicente luque
157,carla esparza vs. michelle waterson
157,aleksei oleinik vs. fabricio werdum
157,anthony pettis vs. donald cerrone
158,greg hardy vs. yorgan de castro
158,calvin kattar vs. jeremy stephens
158,francis ngannou vs. jairzinho rozenstruik
158,dominick cruz vs. henry cejudo
158,justin gaethje vs. tony ferguson
159,evan dunham vs. herbert burns
159,alonzo menifield vs. devin clark
159,alex perez vs. jussier formiga
160,charles byrd vs. maki pitolo
160,brian kelleher vs. cody stamann
160,gerald meerschaert vs. ian heinisch
160,alex caceres vs. chase hooper
161,eddie wineland vs. sean o'malley
161,anthony rocco martin vs. neil magny
161,aljamain sterling vs. cory sandhagen
161,cody garbrandt vs. raphael assuncao
161,amanda nunes vs. felicia spencer
162,davey grant vs. martin day
162,karol rosa vs. vanessa melo
162,raulian paiva vs. zhalgas zhamagulov
162,marcin tybura vs. maxim grishin
163,leonardo santos vs. roman bogatov
163,danny henry vs. makwan amirkhani
163,elizeu zaleski dos santos vs. muslim salikhov
163,jiri prochazka vs. volkan oezdemir
164,amanda ribas vs. paige vanzant
164,jessica andrade vs. rose namajunas 2
164,jose aldo vs. petr yan
164,alexander volkanovski vs. max holloway 2
164,jorge masvidal vs. kamaru usman
165,daniel rodriguez vs. dwight grant
165,mariya agapova vs. shana dobson
165,austin hubbard vs. joe selecki
165,marcin prachnio vs. mike rodriguez
165,frankie edgar vs. pedro munhoz
166,bill algeo vs. ricardo lamas
166,alexa grasso vs. ji yeon kim
166,neil magny vs. robbie lawler
166,aleksandar rakić vs. anthony smith
167,john dodson vs. merab dvalishvili
167,daniel pineda vs. herbert burns
167,jairzinho rozenstruik vs. junior dos dantos
167,marlon vera vs. sean o'malley
167,daniel cormier vs. stipe miocic 3
168,cole smith vs. hunter azure
168,montana de la rosa vs. viviane araujo
168,brian kelleher vs. ray rodriguez
168,andre muniz vs. bartosz fabinski
168,michel pereira vs. zelim imadaev
168,alonzo menifield vs. ovince saint preux
168,alistair overeem vs. augusto sakai
169,billy quarantillo vs. kyle nelson
169,alan patrick vs. bobby green
169,ed herman vs. mike rodriguez
169,andrea lee vs. roxanne modafferi
169,khama worthy vs. ottman azaitar
169,angela hill vs. michelle waterson
170,darren stewart vs. kevin holland
170,mackenzie dern vs. randa markos
170,johnny walker vs. ryan spann
170,gerald meerschaert vs. khamzat chimaev
170,donald cerrone vs. niko price
170,colby covington vs. tyron woodley
171,hakeem dawodu vs. zubaira tukhugov
171,ketlen viera vs. sijara eubanks
171,brandon royval vs. kai kara-france
171,dominick reyes vs. jan blachowicz
171,israel adesanya vs. paulo costa
172,dequan townsend vs. dusko todorovic
172,cameron else vs. kyler phillips
172,germaine de randamie vs. julianna pena
172,carlos felipe vs. yorgan de castro
172,holly holm vs. irene aldana
173,ilia topuria vs. youssef zalal
173,alan baudot vs. tom aspinall
173,dricus du plessis vs. markus perez
173,ben rothwell vs. marcin tybura
173,edson barboza vs. makwan amirkhani
173,cory sandhagen vs. marlon moraes
174,jonathan martinez vs. thomas almeida
174,claudio silva vs. james krause
174,jimmy crute vs. modestas bukauskas
174,jéssica andrade vs. katlyn chookagian
174,brian ortega vs. chan sung jung
175,ion cuțelaba vs. magomed ankalaev
175,lauren murphy vs. liliya shakirova
175,jacob malkoun vs. phil hawes
175,alexander volkov vs. walt harris
175,jared cannonier vs. robert whittaker
175,justin gaethje vs. khabib nurmagomedov
176,bobby green vs. thiago moises
176,charlie ontiveros vs. kevin holland
176,greg hardy vs. maurice greene
176,andre fili vs. bryce mitchell
176,anderson silva vs. uriah hall
177,claudia gadelha vs. yan xiaonan
177,giga chikadze vs. jamey simmons
177,khalid taha vs. raoni barcelos
177,andrei arlovski vs. tanner boser
177,glover teixeira vs. thiago santos
178,cory mckenna vs. kay hansen
178,brendan allen vs. sean strickland
178,ashley yoder vs. miranda granger
178,abdul razak alhassan vs. kalinn williams
178,paul felder vs. rafael dos anjos
179,louis cosce vs. sasha palatnikov
179,dustin stoltzfus vs. kyle daukaus
179,alan jouban vs. jared gooden
180,daniel rodriguez vs. nicolas dalby
180,antonina shevchenko vs. ariane lipski
180,joaquin buckley vs. jordan wright
180,brandon moreno vs. brandon royval
181,mauricio rua vs. paul craig
181,cynthia calvillo vs. katlyn chookagian
181,mike perry vs. tim means
181,jennifer maia vs. valentina shevchenko
181,alex perez vs. deiveson figueiredo
182,jonathan pearce vs. kai kamaka
182,ashlee evans-smith vs. norma dumont
182,bill algeo vs. spike carlyle
182,josh parisian vs. parker porter
182,miguel baeza vs. takashi sato
182,anthony smith vs. devin clark
183,jordan leavitt vs. matt wiman
183,john allan vs. roman dolidze
183,gabriel benitez vs. justin jaynes
183,jamahal hill vs. ovince saint preux
183,jack hermansson vs. marvin vettori
184,ciryl gane vs. junior dos santos
184,kevin holland vs. ronaldo souza
184,mackenzie dern vs. virna jandiroba
184,charles oliveira vs. tony ferguson
184,brandon moreno vs. deiveson figueiredo
185,greg hardy vs. marcin tybura
185,marlon moraes vs. rob font
185,khaos williams vs. michel pereira
185,jose aldo vs. marlon vera
185,geoff neal vs. stephen thompson
186,austin lingo vs. jacob kilburn
186,sarah moras vs. vanessa melo
186,david zawada vs. ramazan emeev
186,carlos felipe vs. justin tafa
186,joselyne edwards vs. yanan wu
187,calvin kattar vs. max holloway
187,li jingliang vs. santiago pozinibbio
187,dusko todorovic vs. punahele soriano
187,alessio di chirico vs. joaquin buckley
187,carlos condit vs. matt brown
188,manon fiorot vs. victoria leonardo
188,sergey morozov vs. umar nurmagomedov
188,mason jones vs. mike davis
188,francisco figueiredo vs. jerome rivera
188,dalcha lungiambula vs. markus perez
188,su mudaerji vs. zarrukh adashev
188,gaetano pirrello vs. ricky simon
188,omari akhmedov vs. tom breese
189,douglas silva de andrade vs. lerone murphy
189,matt schnell vs. tyson nam
189,roxanne modafferi vs. viviane araujo
189,ike villanueva vs. vinicius moreira
189,mounir lazzez vs. warlley alves
189,michael chiesa vs. neil magny
191,amir albazi vs. zalgas zhumagulov
191,movsar evloev vs. nik lentz
192,julianna peña vs. sara mcmann
192,khalil rountree jr vs. marcin prachnio
192,arman tsarukyan vs. matt frevola
192,antonio carlos junior vs. brad tavares
193,amanda ribas vs. marina rodriguez
193,andrew sanchez vs. makhmud muradov
193,jessica eye vs. joanne calderwood
193,dan hooker vs. michael chandler
193,conor mcgregor vs. dustin poirier
195,beneil dariush vs. carlos diego ferreira
195,alexandre pantoja vs. manel kape
195,alexander volkov vs. alistair overeem
195,clay guida vs. michael johnson
195,cory sandhagen vs. frankie edgar
196,gabe green vs. philip rowe
197,mallory martin vs. polyana viana
197,andre ewell vs. chris gutierrez
197,anthony hernandez vs. rodolfo vieira
197,belal muhammad vs. dhiego lima
198,julian marquez vs. maki pitolo
198,brian kelleher vs. ricky simon
198,ian heinisch vs. kelvin gastelum
198,alexa grasso vs. maycee barber
198,gilbert burns vs. kamaru usman
199,jared vanderaa vs. serghei spivac
199,aiemann zahabi vs. drako rodriguez
199,chas skelly vs. jammall emmers
199,casey o'neill vs. shana dobson
199,julian erosa vs. nate landwehr
199,eddie wineland vs. john castaneda
199,danny chavez vs. jared gordon
200,andrei arlovski vs. tom aspinall
200,nassourdine imavov vs. phil hawes
200,aleksei oleinik vs. chris daukaus
200,charles rosa vs. darrick minner
200,ketlen viera vs. yana kunitskaya
200,curtis blaydes vs. derrick lewis
201,dustin jacoby vs. maxim grishin
201,ronnie lawrence vs. vince cachero
201,alexis davis vs. sabina mazo
201,alexander hernandez vs. thiago moises
202,alex caceres vs. kevin croom
202,jimmie rivera vs. pedro munhoz
202,mayra bueno silva vs. montana de la rosa
202,magomed ankalaev vs. nikita krylov
202,ciryl gane vs. jairzinho rozenstruik
203,mairo bautista vs. trevin jones
203,aalon cruz vs. uros medic
203,amanda lemos vs. livinha souza
203,jake matthews vs. sean brady
203,carlos ulberg vs. kennedy nzechukwu
203,jordan espinosa vs. tim elliot
204,kai kara-france vs. rogerio bontorin
204,askar askarov vs. joseph benavidez
204,kyler phillips vs. song yadong
204,casey kenny vs. dominick cruz
205,aleksandar rakic vs. thiago santos
205,drew dober vs. islam makhachev
205,aljamain sterling vs. petr yan
205,amanda nunes vs. megan anderson
205,israel adesanya vs. jan blachowicz
206,jason witt vs. matthew semelsberger
206,gloria de paula vs. jinh yu frey
206,cortney casey vs. jj aldrich
206,nasrat haqparast vs. rafa garcia
206,rani yahya vs. ray rodriguez
206,charles jourdain vs. marcelo rojo
206,angela hill vs. ashley yoder
207,darren stewart vs. eryk anders
207,manel kape vs. matheus nicolau pereira
207,davey grant vs. jonathan martinez
207,dan ige vs. gavin tucker
207,misha cirkunov vs. ryan spann
207,belal muhammad vs. leon edwards
208,bruno silva vs. jp buys
208,jesse strader vs. montel jackson
208,roman dolidze vs. trevin giles
208,grant dawson vs. leonardo santos
208,macy chiasson vs. marion reneau
209,harry hunsucker vs. tai tuivasa
209,adrian yanez vs. gustavo lopez
209,cheyanne buys vs. montserrat ruiz
209,max griffin vs. song kenan
209,derek brunson vs. kevin holland
210,abu azaitar vs. marc-andre barriault
211,omar morales vs. shane young
211,michal oleksiejczuk vs. modestas bukauskas
211,abubakar nurmagomedov vs. jared gooden
211,alonzo menifield vs. fabio cherant
212,jamie mullarkey vs. khama worthy
212,gillian robertson vs. miranda maverick
212,sean o'malley vs. thomas almeida
212,tyrone woodley vs. vicente luque
212,francis ngannou vs. stipe miocic 2
213,impa kasanganay vs. sasha palatnikov
213,jung da un vs. william knight
213,jordan griffin vs. luis saldana
213,hunter azure vs. jack shore
213,jarjis danho vs. yorgan de castro
213,ignacio bahomendes vs. john makdessi
213,mateusz gamrot vs. scott holtzman
213,jim miller vs. joe solecki
214,daniel rodriguez vs. mike perry
214,mackenzie dern vs. nina nunes
214,julian marquez vs. sam alvey
214,arnold allen vs. sodiq yusuff
214,kevin holland vs. marvin vettori
215,anthony birchak vs. tony gravely
215,austin hubbard vs. dakota bush
215,bartosz fabinski vs. gerald meerschaert
215,jessica penne vs. lupita godinez
215,alexandr romanov vs. juan espino
216,alexander munoz vs. luis pena
216,justine kish vs. tracy cortez
216,abdul razak alhassan vs. jacob malkoun
216,andrei arlovski vs. chase sherman
216,kelvin gastelum vs. robert whittaker
217,ariane carnelossi vs. liang na
217,rodrigo vargas vs. zhu rong
217,danaa batgerel vs. kevin natividad
217,jeff molina vs. qileng aori
218,patrick sabatini vs. tristan connelly
218,brendan allen vs. karl roberson
218,dwight grant vs. stefan sekulic
218,alex oliveira vs. randy brown
219,anthony smith vs. jimmy crute
219,chris weidman vs. uriah hall
219,jessica andrade vs. valentina shevchenko
219,rose namajunas vs. weili zhang
219,jorge masvidal vs. kamaru usman 2
220,felipe colares vs. luke sanders
220,andreas michailidis vs. kb bhullar
220,loma lookboonme vs. sam hughes
220,luana carolina vs. poliana botelho
220,kai kamaka vs. tj brown
220,luana pinheiro vs. randa markos
221,cody stamann vs. merab dvalishvili
221,krzysztof jotko vs. sean strickland
221,dustin jacoby vs. ion cutelaba
221,cub swanson vs. giga chikadze
221,dominick reyes vs. jiří procházka
222,marina rodriguez vs. michelle waterson
222,geoff neal vs. neil magny
222,diego ferreira vs. gregor gillespie
222,amanda ribas vs. angela hill
222,marcos rogerio de lima vs. maurice greene
222,alex morono vs. donald cerrone
223,carlston harris vs. christian aguilera
223,junyong park vs. tafon nchukwi
223,ludovit klein vs. michael trizano
223,kyle daukaus vs. phil hawes
224,christos giagos vs. sean soriano
224,kevin aguilar vs. tucker lutz
224,gina mazany vs. priscila cachoeira
225,andrea lee vs. antonina shevchenko
225,jamie pickett vs. jordan wright
225,lando vannata vs. mike grundy
225,andre muniz vs. jacare souza
226,edson barboza vs. shane burgos
226,katlyn chookagian vs. viviane araujo
226,matt schnell vs. rogerio bontorin
226,beneil dariush vs. tony ferguson
226,charles oliveira vs. michael chandler
227,damir ismagulov vs. rafael alves
227,david dvorak vs. juancamillo ronderos
227,josh culibao vs. neurdanbieke shayilan
227,bruno silva vs. victor rodriguez
227,claudio silva vs. court mcgee
227,ben rothwell vs. chris barnett
228,edmen shahbazyan vs. jack hermansson
228,bill algeo vs. ricardo ramos
228,felicia spencer vs. norma dumont
228,jared vanderaa vs. justin tafa
228,carla esparza vs. yan xiaonan
228,cody garbrandt vs. rob font
229,alan patrick vs. mason jones
229,ilir latifi vs. tanner boser
229,kamuela kirk vs. makwan amirkhani
229,sean woodson vs. youssef zalal
229,ariane lipski vs. montana de la rosa
229,francisco trinaldo vs. muslim salikhov
229,claudio puelles vs. jordan leavitt
229,manon fiorot vs. tabatha ricci
230,dusko tudorovic vs. gregory rodrigues
230,antonio arroyo vs. tom breese
230,miguel baeza vs. santiago ponzinibbio
230,augusto sakai vs. jairzinho rozenstruik
230,laureano staropoli vs. roman dolidze
230,marcin tybura vs. walt harris
231,hakeem dawodu vs. mosvar evloev
231,joanne calderwood vs. lauren murphy
231,darren stewart vs. eryk anders 2
231,brad riddell vs. drew dober
232,carlos felipe vs. jake collier
232,fares ziam vs. luigi vendramini
232,chase hooper vs. steven peterson
232,matt frevola vs. terrance mckinney
232,alexis davis vs. pannie kianzad
233,jamahal hill vs. paul craig
233,belal muhammad vs. demian maia
233,leon edwards vs. nate diaz
233,brandon moreno vs. deiveson figueiredo 2
233,israel adesanya vs. marvin vettori 2
234,casey o'neill vs. lara procopio
234,joaquim silva vs. rick glenn
234,josh parisian vs. roque martinez
234,khaos williams vs. matthew semelsberger
234,kanako murata vs. virna jandiroba
234,aleksa camur vs. nicolae negumereanu
235,chan sung jang vs. dan ige
235,davey grant vs. marlon vera
235,bruno silva vs. wellington turman
235,aleksei oleinik vs. serghei spivac
235,dhiego lima vs. matt brown
235,julian erosa vs. seungwoo choi
236,damir hadzovic vs. yancy medeiros
236,charles rosa vs. justin jaynes
236,julia avila vs. julia stoliarenko
236,ike villanueva vs. marcin prachnio
236,jeremiah wells vs. warlley alves
236,michel prazeres vs. shavkat rakhmonov
236,danilo marques vs. kennedy nzechukwu
237,jai herbert vs. renato moicano
237,nicolas dalby vs. tim means
237,andre fili vs. daniel pineda
237,raoni barcelos vs. timur valiev
237,ovince saint preux vs. tanner boser
237,alexander volkov vs. ciryl gane
238,jerome rivera vs. zhalgas zhumagulov
238,brad tavares vs. omari akhmedov
238,jennifer maia vs. jessica eye
239,dricus du plessis vs. trevin giles
239,ilia topuria vs. ryan hall
239,michel pereira vs. niko price
239,carlos condit vs. max griffin
240,kris moutinho vs. sean o'malley
240,irene aldana vs. yana kunitskaya
240,greg hardy vs. tai tuivasa
240,gilbert burns vs. stephen thompson
240,conor mcgregor vs. dustin poirier 2
241,alan baudot vs. rodrigo nascimento
241,francis figueiredo vs. malcolm gordon
241,khalid taha vs. sergey morozov
241,amanda lemos vs. montserrat conejo
241,daniel rodriguez vs. preston parsons
242,billy quarantilllo vs. gabriel benitez
242,dustin stoltzfus vs. rodolfo vieira
242,jeremy stephens vs. mateusz gamrot
242,marion reneau vs. miesha tate
242,islam makhachev vs. thiago moises
243,diana belbita vs. hannah goldy
243,elise reed vs. sijara eubanks
243,andre ewell vs. julio arce
243,jordan williams vs. mickey gall
243,ian heinisch vs. nassourdine imavov
243,brendan allen vs. punahele soriano
244,adrian yanez vs. randy costa
244,maycee barber vs. miranda maverick
244,darren elkins vs. darrick minner
244,kyler phillips vs. raulian paiva
244,cory sandhagen vs. tj dillashaw
245,orion cosce vs. philip rowe
245,ryan benoit vs. zarrukh adashev
245,ashley yoder vs. jinh yu frey
245,danny chavez vs. kai kamaka
245,chris gruetzemacher vs. rafa garcia
246,bryan barberena vs. jason witt
246,collin anglin vs. melsik baghdasaryan
246,jared gooden vs. niklas stolze
246,cheyanne buys vs. gloria de paula
246,sean strickland vs. uriah hall
247,jamey simmons vs. johnny munoz
247,melissa gatto vs. victoria leonardo
247,anderson dos santos vs. miles johns
247,manel kape vs. ode osbourne
248,jessica penne vs. karolina kowalkiewicz
248,alonzo menifield vs. ed herman
248,drako rodriguez vs. vince morales
248,bobby green vs. rafael fiziev
249,casey kenney vs. song yadong
249,angela hill vs. tecia torres
249,michael chiesa vs. vicente luque
249,jose aldo vs. pedro munhoz
249,ciryl gane vs. derrick lewis
250,ramiz brahimaj vs. sasha palatnikov
250,ignacio bahamondes vs. roosevelt roberts
250,fabio cherant vs. william knight
250,bea malecki vs. josiane nunes
250,brian kelleher vs. domingo pilarte
250,austin lingo vs. luis saldana
251,alexandre pantoja vs. brandon royval
251,austin hubbard vs. vinc pichel
251,saidyokub kakhramonov vs. trevin jones
251,chase sherman vs. parker porter
251,clay guida vs. mark madsen
251,jared cannonier vs. kelvin gastelum
252,guido cannetti vs. mana martinez
252,jamall emmers vs. pat sabatini
252,jj aldrich vs. vanessa demopoulos
252,darren stewart vs. dustin jacoby
252,sam alvey vs. wellington turman
252,abdul razak alhassan vs. alessio di chirico
253,dalcha lungiambula vs. marc-andre barriault
253,charles jourdain vs. julian erosa
253,jack shore vs. liudvik sholinian
253,ji yeon kim vs. molly mccann
254,luigi vendramini vs. paddy pimblett
254,khalil rountree jr. vs. modestas bukauskas
254,alex morono vs. david zawada
254,serghei spivac vs. tom aspinall
254,darren till vs. derek brunson
255,emily whitmire vs. hannah goldy
255,gustavo lopez vs. heili alateng
255,carlston harris vs. impa kasanganay
255,erin blanchfield vs. sarah alpar
255,jp buys vs. montel jackson
255,brandon jenkins vs. rong zhu
255,pannie kianzad vs. raquel pennington
255,mike rodriguez vs. tafon nchukwi
256,antonio arroyo vs. joaquin buckley
256,nathan maness vs. tony gravely
256,arman tsarukyan vs. christos giagos
256,ariane lipski vs. mandy bohm
256,devin clark vs. ion cutelaba
256,anthony smith vs. ryan spann
257,jalin turner vs. uros medic
257,cody brundage vs. nick maximov
257,jonathan pearce vs. omar morales
257,martin sano vs. matthew semelsberger
258,dan hooker vs. nasrat haqparast
258,marlon moraes vs. merab dvalishvili
258,chris daukaus vs. shamil abdurakhimov
258,roxanne modafferi vs. talia santos
259,nick diaz vs. robbie lawler
259,curtis blaydes vs. jairzinho rozenstruik
259,lauren murphy vs. valentina shevchenko
259,cynthia calvillo vs. jessica andrade
259,alexander volkanovski vs. brian ortega
260,alejandro perez vs. johnny eduardo
260,shanna young vs. stephanie egger
260,douglas silva de andrade vs. gaetano pirrello
260,devonte smith vs. jamie mullarkey
260,bethe correia vs. karol rosa
260,antonina shevchenko vs. casey o'neill
260,jared gordon vs. joe solecki
261,alexander hernandez vs. mike breeden
261,krzysztof jotko vs. misha cirkunov
261,alex oliveira vs. niko price
261,kevin holland vs. kyle daukaus
261,johnny walker vs. thiago santos
262,charlie ontiveros vs. steve garcia
262,lupita godinez vs. silvana gomez juarez
262,charles rosa vs. damon jackson
262,alexandr romanov vs. jared vanderaa
263,chris gutierrez vs. felipe colares
263,mariya agapova vs. sabina mazo
263,matheus nicolau vs. tim elliott
263,jared gooden vs. randy brown
263,mackenzie dern vs. marina rodriguez
264,ariane carnelossi vs. istela nunes
264,brandon davis vs. danaa batgerel
264,andrew sanchez vs. bruno silva
264,loopy godinez vs. luana carolina
264,danny roberts vs. ramazan emeev
265,manon fiorot vs. mayra bueno silva
265,erick gonzalez vs. jim miller
265,andrei arlovski vs. carlos felipe
265,ludovit klein vs. nate landwehr
265,aspen ladd vs. norma dumont
266,jonathan martinez vs. zviad lazishvili
266,livinha souza vs. randa markos
266,daniel lecerda vs. jeff molina
266,jai herbert vs. khama worthy
266,jamie pickett vs. laureano starpoli
266,maria oliveira vs. tabatha ricci
266,david onama vs. mason jones
266,gregory rodrigues vs. junyong park
267,ike villanueva vs. nicolae negumereanu
267,grant dawson vs. ricky glenn
267,marvin vettori vs. paulo costa
267,dwight grant vs. francisco trinaldo
267,jessica-rose clark vs. joselyne edwards
267,alex caceres vs. seungwoo choi
268,allan nascimento vs. tagir ulanbekov
268,andre petroski vs. hu yaozong
268,lerone murphy vs. makwan amirkhani
268,michal oleksiejczuk vs. shamil gamzatov
268,benoit saint-denis vs. elizeu zaleski dos santos
268,albert duraev vs. roman kopylov
268,ricardo ramos vs. zubaira tukhugov
268,amanda ribas vs. virna jandiroba
269,magomed ankalaev vs. volkan oezdemir
269,khamzat chimaev vs. li jingliang
269,alexander volkov vs. marcin tybura
269,dan hooker vs. islam makhachev
269,cory sandhagen vs. petr yan
269,glover teixeira vs. jan blachowicz
270,cj vergara vs. ode osbourne
270,bruno souza vs. melsik bagdasaryan
270,dustin jacoby vs. john allan
270,chris barnett vs. gian villante
270,ian garry vs. jordan williams
271,edmen shahbazyan vs. nassourdine imavov
271,chris curtis vs. phil hawes
271,al iaquinta vs. bobby green
271,alex pereira vs. andreas michailidis
272,justin gaethje vs. michael chandler
272,billy quarantillo vs. shane burgos
272,frankie edgar vs. marlon vera
272,rose namajunas vs. zhang weili
272,colby covington vs. kamaru usman 2
273,cortney casey vs. liana jojua
273,marc diakiese vs. rafael alves
273,da-un jung vs. kennedy nzechukwu
273,collin anglin vs. sean woodson
273,joel alvarez vs. thiago moises
273,andrea lee vs. cynthia calvillo
274,max holloway vs. yair rodriguez
274,felicia spencer vs. leah letson
274,julio arce vs. song yadong
274,ben rothwell vs. marcos rogerio de lima
274,khaos williams vs. miguel baeza
275,luana pinheiro vs. sam hughes
275,sean soriano vs. shayilan nuerdanbieke
275,cody durden vs. qileng aori
275,fares ziam vs. terrance mckinney
275,loma lookboonmee vs. loopy godinez
275,natan levy vs. rafa garcia
275,pat sabatini vs. tucker lutz
276,adrian yanez vs. davey grant
276,joanne wood vs. taila santos
276,kang kyung-ho vs. rani yahya
276,michael chiesa vs. sean brady
276,ketlen vieira vs. miesha tate
277,louis smolka vs. vince morales
277,chris gruetzemacher vs. claudio puelles
277,alonzo menifield vs. william knight
277,cheyanne vlismas vs. mallory martin
277,bryan barberena vs. darian weeks
277,manel kape vs. zhalgas zhumagulov
277,dusko todorovic vs. maki pitolo
278,alex morono vs. mickey gall
278,brendan allen vs. chris curtis
278,clay guida vs. leonardo santos
278,jamahal hill vs. jimmy crute
278,brad riddell vs. rafael fiziev
278,jose aldo vs. rob font
279,bruno silva vs. jordan wright
279,augusto sakai vs. tai tuivasa
279,dominick cruz vs. pedro munhoz
279,dan ige vs. josh emmett
280,raulian paiva vs. sean o'malley
280,cody garbrandt vs. kai kara-france
280,geoff neal vs. santiago ponzinibbio
280,amanda nunes vs. julianna pena
280,charles oliveira vs. dustin poirier
281,jordan leavitt vs. matt sayles
281,don'tale mayes vs. josh parisian
281,macy chiasson vs. raquel pennington
281,andre ewell vs. charles jourdain
281,melissa gatto vs. sijara eubanks
281,harry hunsucker vs. justin tafa
281,dustin stoltzfus vs. gerald meerschaert
282,cub swanson vs. darren elkins
282,diego ferreira vs. mateusz gamrot
282,raphael assuncao vs. ricky simon
282,amanda lemos vs. angela hill
282,belal muhammad vs. stephen thompson
282,chris daukaus vs. derrick lewis
283,bill algeo vs. joanderson brito
283,dakota bush vs. viacheslav borshchev
283,jennifer maia vs. katlyn chookagian
283,brandon royval vs. rogerio bontorin
283,chase sherman vs. jake collier
283,calvin kattar vs. giga chikadze
284,charles rosa vs. tj brown
284,brian kelleher vs. kevin croom
284,court mcgee vs. ramiz brahimaj
284,jamie pickett vs. joseph holmes
285,silvana gomez juarez vs. vanessa demopoulos
285,jasmine jasudavicius vs. kay hansen
286,genaro valdez vs. matt frevola
286,saimon oliveira vs. tony gravely
286,jack della maddalena vs. pete rodriguez
286,raoni barcelos vs. victor henry
287,michael morales vs. trevin giles
287,cody stamman vs. said nurmagomedov
287,andre fiahlo vs. michel pereira
287,brandon moreno vs. deiveson figueiredo 3
287,ciryl gane vs. francis ngannou
288,denys bondar vs. malcolm gordon
288,jason witt vs. phil rowe
288,danilo marques vs. jailton almeida
288,alexis davis vs. julija stoliarenko
288,chidi njokuani vs. marc-andre barriault
288,hakeem dawodu vs. michael triziano
288,john castaneda vs. miles johns
289,julian erosa vs. steven peterson
289,bryan battle vs. treasan gore
289,brendan allen vs. sam alvey
289,carlston harris vs. shavkat rakhmonov
289,nick maximov vs. punahele soriano
289,jack hermansson vs. sean strickland
290,maxim grishin vs. william knight
290,blood diamond vs. jeremiah wells
290,douglas silva de andrade vs. sergey morozov
290,aj dobson vs. jacob malkoun
290,mana martinez vs. ronnie lawrence
291,carlos ulberg vs. fabio cherant
291,kyler phillips vs. marcelo rojo
291,casey o'neill vs. roxanne modafferi
291,andrei arolvski vs. jared vanderaa
292,bobby green vs. nasrat haqparast
292,alexander hernandez vs. renato moicano
292,derek brunson vs. jared cannonier
292,derrick lewis vs. tai tuivasa
292,israel adesanya vs. robert whittaker 2
293,jay perrin vs. mario bautista
293,christian rodriguez vs. jonathan pearce
293,chad anheigler vs. jesse strader
293,diana belbita vs. gloria de paula
293,chas skelly vs. mark streigl
293,jessica rose-clark vs. stephanie egger
293,david onama vs. gabriel benitez
294,abdul razak alhassan vs. joaquin buckley
294,jim miller vs. nikolas motta
294,alan baudot vs. parker porter
294,jamie pickett vs. kyle daukaus
294,jamahal hill vs. johnny walker
295,carlos hernandez vs. victor altamirano
295,michael gillmore vs. ramiz brahimaj
295,alejandro perez vs. jonathan martinez
295,fares ziam vs. terrence mckinney
295,josiane nunes vs. ramona pascual
295,ignacio bahamondes vs. zhu rong
296,armen petrosyan vs. gregory rodrigues
296,arman tsarukyan vs. joel alvarez
296,ji yeon kim vs. priscila cachoeira
296,misha cirkunov vs. wellington turman
296,bobby green vs. islam makhachev
297,mariya agapova vs. maryna moroz
297,kennedy nzechukwu vs. nicolae negumereanu
297,marina rodriguez vs. yan xiaonan
297,jalin turner vs. jamie mullarkey
298,dustin jacoby vs. michal oleksiejczuk
298,devonte smith vs. ludovit klein
298,tagir ulanbekov vs. tim elliot
298,brian kelleher vs. umar nurmagomedov
299,greg hardy vs. serghei spivak
299,alex oliveira vs. kevin holland
299,bryce mitchell vs. edson barboza
299,rafael dos anjos vs. renato moicano
299,colby covington vs. jorge masvidal
300,azamat murzakanov vs. tafon nchukwi
300,guido cannetti vs. kris moutinho
300,cody brundage vs. dalcha lungiambula
300,miranda maverick vs. sabina mazo
300,damon jackson vs. kamuela kirk
300,javid basharat vs. trevin jones
300,gillian robertson vs. jj aldrich
300,aj fletcher vs. matthew semelsberger
301,alex pereira vs. bruno silva
301,drew dober vs. terrence mckinney
301,karl roberson vs. khalil rountree jr.
301,alex caceres vs. sodiq yusuff
301,marlon moraes vs. song yadong
301,magomed ankalaev vs. thiago santos
302,cody durden vs. muhammad mokaev
302,cory mckenna vs. elise reed
302,jack shore vs. timur valiev
302,nikita krylov vs. paul craig
302,sergei pavlovich vs. shamil abdurakhimov
302,makwan amirkhani vs. mike grundy
303,ilia topuria vs. jai herbert
303,luana carolina vs. molly mccann
303,gunnar nelson vs. takashi sato
303,kazula vargas vs. paddy pimblett
303,arnold allen vs. dan hooker
303,alexander volkov vs. tom aspinall
304,bruno souza vs. luis saldana
304,david dvorak vs. matheus nicolau
304,jennifer maia vs. manon fiorot
304,aliaskhab khizriev vs. denis tiuliulin
304,chris gutierrez vs. danaa batgerel
304,karol rosa vs. sara mcmann
304,max griffin vs. neil magny
305,marc diakiese vs. viacheslav borshchev
305,aleksei oleinik vs. ilir latifi
305,askar askarov vs. kai kara-france
305,bryan barberena vs. matt brown
305,alexa grasso vs. joanne wood
305,chris daukaus vs. curtis blaydes
306,daniel santos vs. julio arce
306,kay hansen vs. piera rodriguez
306,aleksei oleinik vs. jared vanderaa
307,mickey gall vs. mike malott
307,aspen ladd vs. raquel pennington
307,anthony hernandez vs. josh fremd
307,darian weeks vs. ian garry
308,mark madsen vs. vinc pichel
308,mackenzie dern vs. tecia torres
308,gilbert burns vs. khamzat chimaev
308,aljamain sterling vs. petr yan 2
308,alexander volkanovski vs. chan sung jung
309,alatengheili  vs. kevin croom
309,istela nunes vs. sam hughes
309,jordan leavitt vs. trey ogden
309,chris barnett vs. martin buday
309,jesse ronson vs. rafa garcia
309,brandon jenkins vs. drakkar klose
309,lina lansberg vs. pannie kianzad
309,devin clark vs. william knight
310,ange loose vs. mounir lazzez
310,pat sabatini vs. tj laramie
310,mayra bueno silva vs. wu yanan
310,andre fialho vs. miguel baeza
310,caio borralho vs. gadzhi omargadzhiev
310,belal muhammad vs. vicente luque
311,dean barry vs. mike jackson
311,marcin prachnio vs. philipe lins
311,evan elder vs. preston parsons
311,cameron else vs. qileng aori
311,ike villanueva vs. tyson pedro
311,dwight grant vs. sergey khandozhko
311,jordan wright vs. marc-andre barriault
312,charles jourdain vs. lando vannata
312,alexandr romanov vs. chase sherman
312,maycee barber vs. montana de la rosa
312,claudio puelles vs. clay guida
312,amanda lemos vs. jessica andrade
313,carlos candelario vs. tatsuro taira
313,gina mazany vs. shanna young
313,mike breeden vs. natan levy
313,gabe green vs. yohan lainesse
313,daniel lacerda vs. francisco figueiredo
313,alexandr romanov vs. chase sherman 2
314,gerald meerschaert vs. krzysztof jotko
314,darren elkins vs. tristan connelly
314,grant dawson vs. jared gordon
314,andre fili vs. joanderson brito
314,andrei arlovski vs. jake collier
314,marlon vera vs. rob font
315,fernie garcia vs. journey newson
315,ariane carnelossi vs. loopy godinez
315,cj vergara vs. kleydson rodrigues
315,melissa gatto vs. tracy cortez
315,andre fialho vs. cameron vancamp
315,blagoy ivanov vs. marcos rogerio de lima
316,brandon royval vs. matt schnell
316,macy chiasson vs. norma dumont
316,danny roberts vs. francisco trinaldo
316,khaos williams vs. randy brown
317,donald cerrone vs. joe lauzon
317,mauricio rua vs. ovince saint preux
317,michael chandler vs. tony ferguson
317,carla esparza vs. rose namajunas
317,charles oliveira vs. justin gaethje
318,andre petroski vs. nick maximov
318,carlos candelario vs. tatsuro taira 2
318,angela hill vs. virna jandiroba
318,alan patrick vs. michael johnson
318,andrea lee vs. viviane araujo
319,allan nascimento vs. jake hadley
319,frank camacho vs. manuel torres
319,amanda ribas vs. katlyn chookagian
319,davey grant vs. louis smolka
319,ion cutelaba vs. ryan spann
319,aleksandar rakic vs. jan blachowicz
320,elise reed vs. sam hughes
320,chase hooper vs. felipe colares
320,jonathan martinez vs. vince morales
320,omar morales vs. uros medic
320,jailton almeida vs. parker porter
320,alen amedovski vs. joseph holmes
321,eryk anders vs. junyong park
321,polyana viana vs. tabatha ricci
321,chidi njokuani vs. dusko todorovic
321,michel pereira vs. santiago ponzinibbio
321,holly holm vs. ketlen vieira
322,erin blanchfield vs. jj aldrich
322,andreas michailidis vs. rinat fakhretdinov
322,jeff molina vs. zhalgas zhumagulov
322,jonny munoz vs. tony gravely
322,benoit saint denis vs. niklas stolze
322,damon jackson vs. daniel argueta
322,alex da silva coelho vs. joe solecki
322,felice herrig vs. karolina kowalkiewicz
323,alonzo menifield vs. askar mozharov
323,ode osbourne vs. zarrukh adashev
323,karine silva vs. poliana botelho
323,lucas almeida vs. michael trizano
323,dan ige vs. movsa evloev
323,alexander volkov vs. jairzinho rozenstruik
324,batgerel danaa vs. kyung ho kang
324,brendan allen vs. jacob malkoun
324,maheshate  vs. steve garcia
324,josh culibao vs. seungwoo choi
325,joselyne edwards vs. ramona pascual
325,na liang vs. silvana gomez juarez
326,jack della maddalena vs. ramazan emeev
326,andre fialho vs. jake matthews
326,joanna jedrzejczyk vs. zhang weili
326,taila santos vs. valentina shevchenko
326,glover teixeira vs. jiri prochazka
327,adrian yanez vs. tony kelley
327,gregory rodrigues vs. julian marquez
327,damir ismagulov vs. guram kutateladze
327,albert duraev vs. joaquin buckley
327,kevin holland vs. tim means
327,calvin kattar vs. josh emmett
328,kyle daukaus vs. roman dolidze
328,deron winn vs. phil hawes
328,cody stamann vs. eddie wineland
328,gloria de paula vs. maria oliveira
328,danny chavez vs. ricardo ramos
328,court mcgee vs. jeremiah wells
328,jasmine jasudavicius vs. natalia silva
329,chris curtis vs. rodolfo vieira
329,nate maness vs. umar nurmagomedov
329,christos giagos vs. thiago moises
329,alan baudot vs. josh parisian
329,neil magny vs. shavkat rakhmonov
329,arman tsarukyan vs. mateusz gamrot
330,jessica-rose clark vs. julija stoliarenko
330,jessica eye vs. maycee barber
330,andre muniz vs. uriah hall
331,brad tavares vs. dricus du plessis
331,donald cerrone vs. jim miller
331,gabe green vs. ian garry
331,brad riddell vs. jalin turner
332,bryan barberena vs. robbie lawler
332,pedro munhoz vs. sean o'malley
332,alex pereira vs. sean strickland
332,alexander volkanovski vs. max holloway 3
332,israel adesanya vs. jared cannonier
333,ronnie lawrence vs. saidyokub kakhramonov
333,karl roberson vs. kennedy nzechukwu
333,david onama vs. garrett armfield
333,cody brundage vs. tresean gore
333,antonina shevchenko vs. cortney casey
333,aiemann zahabi vs. ricky turcios
334,jamie mullarkey vs. michael johnson
334,cynthia calvillo vs. nina nunes
334,chase sherman vs. jared vanderaa
334,douglas silva de andrade vs. said nurmagomedov
334,armen petrosyan vs. caio borralho
334,rafael dos anjos vs. rafael fiziev
335,emily ducote vs. jessica penne
335,dustin stoltzfus vs. dwight grant
335,da-un jung vs. dustin jacoby
335,bill algeo vs. herbert burns
335,jack shore vs. ricky simon
335,dalcha lungiambula vs. punahele soriano
336,lauren murphy vs. miesha tate
336,charles jourdain vs. shane burgos
336,matt schnell vs. sumudaerji 
336,li jingliang vs. muslim salikhov
336,amanda lemos vs. michelle waterson
336,brian ortega vs. yair rodriguez
337,claudio silva vs. nicolas dalby
337,mandy bohm vs. victoria leonardo
337,jai herbert vs. kyle nelson
337,charles johnson vs. muhammad mokaev
337,jonathan pearce vs. makwan amirkhani
337,charles rosa vs. nathaniel wood
337,damir hadzovic vs. marc diakiese
337,ludovit klein vs. mason jones
338,paul craig vs. volkan oezdemir
338,hannah goldy vs. molly mccann
338,alexander gustafsson vs. nikita krylov
338,jordan leavitt vs. paddy pimblett
338,chris curtis vs. jack hermansson
338,curtis blaydes vs. tom aspinall
339,blood diamond vs. orion cosce
339,ihor potieria vs. nicolae negumereanu
339,ji yeon kim vs. joselyne edwards
339,adam fugitt vs. michael morales
340,drakkar klose vs. rafa garcia
340,don'tale mayes vs. hamdy abdelwahab
340,drew dober vs. rafael alves
340,alex morono vs. matthew semelsberger
341,anthony smith vs. magomed ankalaev
341,alex perez vs. alexandre pantoja
341,derrick lewis vs. sergei pavlovich
341,brandon moreno vs. kai kara-france
341,amanda nunes vs. julianna pena 2
342,mayra bueno silva vs. stephanie egger
342,cory mckenna vs. miranda granger
342,bryan battle vs. takashi sato
342,michal oleksiejcsuk vs. sam alvey
343,da'mon blackshear vs. youssef zalal
343,jason witt vs. josh quinlan
343,ode osbourne vs. tyson nam
343,charlie ontiveros vs. gabriel benitez
343,cynthia calvillo vs. nina nunes 2
343,lukasz brzeski vs. martin buday
343,angela hill vs. lupita godinez
344,bruno silva vs. gerald meerschaert
344,ariane lipski vs. priscila cachoeira
344,azamat murzakanov vs. devin clark
344,iasmin lucindo vs. yazmin jauregui
344,david onama vs. nate landwehr
344,dominick cruz vs. marlon vera
345,aj fletcher vs. ange loosa
345,luis saldana vs. sean woodson
345,jared gordon vs. leonardo santos
345,alexandr romanov vs. marcin tybura
346,daniel da silva vs. victor altimirano
346,aoriqileng  vs. jay perrin
346,amir albazi vs. francisco figueiredo
347,ailin perez vs. stephanie egger
347,cristian quinonez vs. khalid taha
347,benoit saint denis vs. gabriel miranda
347,joaquin buckley vs. nassourdine imavov
347,fares ziam vs. michal figlak
347,abus magomedov vs. dustin stoltzfus
348,charles jourdain vs. nathaniel wood
348,jarno errens vs. william gomis
348,john makdessi vs. nasrat haqparast
348,alessio di chirico vs. roman kopylov
348,marvin vettori vs. robert whittaker
348,ciryl gane vs. tai tuivasa
349,darian weeks vs. yohan lainesse
349,elise reed vs. melissa martinez
349,alatengheili  vs. chad anheliger
349,danyelle wolf vs. norma dumont
350,chris barnett vs. jake collier
350,denis tiuliulin vs. jamie pickett
350,anton turkalj vs. jailton almeida
350,hakeem dawodu vs. julian erosa
351,ion cutelaba vs. johnny walker
351,irene aldana vs. macy chiasson
351,daniel rodriguez vs. li jingliang
351,kevin holland vs. khamzat chimaev
351,nate diaz vs. tony ferguson
352,cameron vancamp vs. nikolas motta
352,javid basharat vs. tony gravely
352,gillian robertson vs. mariya agapova
352,daniel zellhuber vs. trey ogden
352,denise gomes vs. loma lookboonmee
352,louis cosce vs. trevin giles
352,damon jackson vs. pat sabatini
353,anthony hernandez vs. marc-andre barriault
353,rodrigo nascimento vs. tanner boser
353,alen amedovski vs. joe pyfer
353,andre fili vs. bill algeo
353,chidi njokuani vs. gregory rodrigues
353,cory sandhagen vs. song yadong
354,guido cannetti vs. randy costa
354,chelsea chandler vs. julija stoliarenko
354,maxim grishin vs. philippe lins
354,brendan allen vs. krzysztof jotko
354,jesse ronson vs. joaquim silva
354,aleksei oleinik vs. illir latifi
355,mike davis vs. vlacheslav borschchev
355,daniel santos vs. john castaneda
355,don shainis vs. sodiq yusuff
355,raoni barcelos vs. trevin jones
355,francisco trinaldo vs. randy brown
355,mackenzie dern vs. yan xiaonan
356,mike jackson vs. pete rodriguez
356,cj vergara vs. tatsuro taira
356,piera rodriguez vs. sam hughes
356,joanderson brito vs. lucas alexander
356,jacob malkoun vs. nick maximov
356,raphael assuncao vs. victor henry
356,brandon davis vs. mana martinez
357,alonzo menifield vs. misha cirkunov
357,dusko todorovic vs. jordan wright
357,askar askarov vs. brandon royval
357,cub swanson vs. jonathan martinez
357,alexa grasso vs. viviane araujo
358,karol rosa vs. lina lansberg
358,malcolm gordon vs. muhammad mokaev
358,aj dobson vs. armen petrosyan
358,abubakar nurmagomedov vs. gadzhi omargadzhiev
358,nikita krylov vs. volkan oezdemir
358,caio borralho vs. makhmud muradov
358,belal muhammad vs. sean brady
359,katlyn chookagian vs. manon fiorot
359,beneil dariush vs. mateusz gamrot
359,petr yan vs. sean o'malley
359,aljamain sterling vs. tj dillashaw
359,charles oliveira vs. islam makhachev
360,christian rodriguez vs. joshua weems
360,carlos mota vs. cody durden
360,chase hooper vs. steve garcia
360,joseph holmes vs. junyong park
360,andrei arlovski vs. marcos rogerio de lima
360,phil hawes vs. roman dolidze
361,danny roberts vs. jack della maddalena
361,andre fialho vs. muslim salikhov
361,chase sherman vs. waldo cortes-acosta
361,ion cutelaba vs. kennedy nzechukwu
361,derrick lewis vs. serghei spivac
362,dustin jacoby vs. khalil rountree jr
362,josh fremd vs. tresean gore
362,jared vanderaa vs. waldo cortes-acosta
362,max griffin vs. tim means
362,arnold allen vs. calvin kattar
363,ramona pascual vs. tamires vidal
363,carlos candelario vs. jake hadley
363,johnny munoz vs. liudvik sholinian
363,jinh yu frey vs. polyana viana
363,benito lopez vs. mario bautista
363,miranda maverick vs. shanna young
363,darrick minner vs. shayilan nuerdanbieke
364,grant dawson vs. mark madsen
364,nate maness vs. tagir ulanbekov
364,chase sherman vs. josh parisian
364,daniel rodriguez vs. neil magny
364,amanda lemos vs. marina rodriguez
365,carlos ulberg vs. nicolae negumereanu
365,julio arce vs. montel jackson
365,michael trizano vs. seungwoo choi
365,karolina kowalkiewicz vs. silvana gomez juarez
365,matt frevola vs. ottman azaitar
366,andre petroski vs. wellington turman
366,erin blanchfield vs. molly mccann
366,dominick reyes vs. ryan spann
366,brad riddell vs. renato moicano
367,natalia silva vs. tereza bleda
367,brady hiestand vs. fernie garcia
367,maria oliveira vs. vanessa demopoulos
367,kevin nativdad vs. ricky turcios
367,miles johns vs. vince morales
367,jennifer maia vs. maryna moroz
367,charles johnson vs. zhalgas zhumagulov
368,claudio puelles vs. dan hooker
368,chris gutierrez vs. frankie edgar
368,dustin poirier vs. michael chandler
368,carla esparza vs. zhang weili
368,alex pereira vs. israel adesanya
369,eryk anders vs. kyle daukaus
369,jack hermansson vs. roman dolidze
369,sergei pavlovich vs. tai tuivasa
369,matheus nicolau vs. matt schnell
369,bryan barberena vs. rafael dos anjos
369,kevin holland vs. stephen thompson
370,cameron saaiman vs. steven koslow
370,erik silva vs. tj brown
370,alexander hernandez vs. billy quarantillo
371,chris curtis vs. joaquin buckley
371,dalcha lungiambula vs. edmen shahbazyan
371,chris daukaus vs. jairzinho rozenstruik
371,jay perrin vs. raul rosas jr.
372,bryce mitchell vs. ilia topuria
372,darren till vs. dricus du plessis
372,alex morono vs. santiago ponzinibbio
372,jared gordon vs. paddy pimblett
372,jan blachowicz vs. magomed ankalaev
373,journey newson vs. sergey morozov
373,david dvorak vs. manel kape
373,bryan battle vs. rinat fakhretdinov
373,maheshate  vs. rafa garcia
373,said nurmagomedov vs. saidyokub kakhramonov
373,jake matthews vs. matthew semelsberger
373,cheyanne vlismas vs. cory mckenna
374,cody brundage vs. michal oleksiejczuk
374,bobby green vs. drew dober
374,alex caceres vs. julian erosa
374,alessandro costa vs. amir albazi
374,arman tsarukyan vs. damir ismagulov
374,jared cannonier vs. sean strickland
375,daniel marcos vs. saimon oliveira
375,josiane nunes vs. zarah fairn dos santos
375,nicolas dalby vs. warlley alves
375,ismael bonfim vs. terrance mckinney
375,cody stamann vs. luan lacerda
375,jailton almeida vs. shamil abdurakhimov
376,gabriel bonfim vs. mounir lazzez
376,melquizael costa vs. thiago moises
376,brunno ferreira vs. gregory rodrigues
376,ihor potieriaf vs. mauricio rua
377,johnny walker vs. paul craig
377,jessica andrade vs. lauren murphy
377,gilbert burns vs. neil magny
377,brandon moreno vs. deiveson figueiredo 4
377,glover teixeira vs. jamahal hill
378,jesus aguilar vs. tatsuro taira
378,denis tiuliulin vs. park jun-yong
378,ji yeon kim vs. mandy böhm
378,choi seung-guk vs. park hyun-sung
378,rinya nakamura vs. toshiomi kazama
378,jeong yeong lee vs. yi zha
378,anshul jubli vs. jeka saragih
379,adam fugitt vs. yusaku kinoshita
379,dooho choi vs. kyle nelson
379,blagoy ivanov vs. marcin tybura
379,devin clark vs. jung da un
379,derrick lewis vs. sergey spivak
380,elves benner vs. zubaira tukhugov
380,blake bider vs. shane young
380,elise reed vs. loma lookboonme
380,don shainis vs. jack jenkins
381,francisco prado vs. jamie mullarkey
381,kleydson rodrigues vs. shannon ross
381,joshua culibao vs. melsik baghdasaryan
381,tyson pedro vs. zhang mingyang
382,alonzo menifield vs. jimmy crute
382,justin tafa vs. parker porter
382,jack della maddalena vs. randy brown
382,josh emmett vs. yair rodriguez
382,alexander volkanovski vs. islam makhachev
383,clayton carpenter vs. juancamilo ronderos
383,aj fletcher vs. themba gorimbo
383,ovince saint preux vs. philipe lins
383,jamall emmers vs. khusein ashkabov
383,lina lansberg vs. mayra bueno silva
383,evan elder vs. nazim sadykhov
384,alexander hernandez vs. jim miller
384,marcin prachnio vs. william knight
384,jamal pogues vs. josh parisian
384,jordan wright vs. zac pauga
384,erin blanchfield vs. jessica andrade
386,bo nickal vs. jamie pickett
386,jalin turner vs. mateusz gamrot
386,geoff neal vs. shavkat rakhmonov
386,alexa grasso vs. valentina shevchenko
386,ciryl gane vs. jon jones
387,julian marquez vs. marc-andre barriault
387,amanda ribas vs. viviane araujo
387,derek brunson vs. dricus du plessis
387,cody garbrandt vs. trevin jones
388,abubakar nurmagomedov vs. carlston harris
388,bruno silva vs. tyson nam
388,toney gravely vs. victor henry
388,ariane lipski vs. jj aldrich
388,guido cannetti vs. mario bautista
388,josh fremd vs. sedriques dumas
388,davey grant vs. raphael assuncao
388,karl williams vs. lukasz brzeski
389,julianna miller vs. veronica macedo
389,jai herbert vs. ludovit klein
389,joanne wood vs. luana carolina
389,jake hadley vs. malcolm gordon
389,christian duncan vs. dusko todorovic
389,gabriel santos vs. lerone murphy
390,jafel filho vs. muhammad mokaev
390,sam patterson vs. yanal ashmoz
390,chris duncan vs. omar morales
390,jack shore vs. makwan amirkhani
391,marvin vettori vs. roman dolidze
391,casey o'neill vs. jennifer maia
391,bryan barberena vs. gunnar nelson
391,justin gaethje vs. rafael fiziev
391,kamaru usman vs. leon edwards
392,victor altamirano vs. vinicius salvador
392,cj vergara vs. daniel da silva
392,preston parsons vs. trevin giles
392,lucas alexander vs. steven peterson
392,daniel pineda vs. tucker lutz
393,albert duraev vs. chidi njokuani
393,alex perez vs. manel kape
393,andrea lee vs. maycee barber
393,austin lingo vs. nate landwehr
393,holly holm vs. yana santos
393,cory sandhagen vs. marlon vera
394,jaqueline amorim vs. sam hughes
394,sha yilan vs. steve garcia
394,ignacio bahamondes vs. trey ogden
394,cynthia calvillo vs. lupita godinez
395,chase sherman vs. karl williams
395,gerald meerschaert vs. joe pyfer
395,luana pinheiro vs. michelle waterson
395,chris curtis vs. kevin gastelum
396,christian rodriguez vs. raul rosas jr.
396,kevin holland vs. santiago ponzinibbio
396,adrian yanez vs. rob font
396,gilbert burns vs. jorge masvidal
396,alex pereira vs. israel adesanya 2
397,joselyne edwards vs. lucie pudilová
397,aaron phillips vs. gaston bolanos
397,bruna brasil vs. denise gomes
397,daniel zellhuber vs. lando vannata
397,gillian robertson vs. piera rodriguez
397,ed herman vs. zak cummings
397,brandon royval vs. matheus nicolau
397,bill algeo vs. tj brown
398,clay guida vs. rafa garcia
398,chris gutierrez vs. pedro munhoz
398,ion cuțelaba vs. tanner boser
398,azamat murzakanov vs. dustin jacoby
398,billy quarantillo vs. edson barboza
398,arnold allen vs. max holloway
399,batgerel danaa vs. brady hiestand
399,francis marshall vs. william gomis
399,junior tafa vs. mohammed usman
399,karol rosa vs. norma dumont
399,montel jackson vs. rani yahya
399,christos giagos vs. ricky glenn
400,jeremiah wells vs. matthew semelsberger
400,brogan walker vs. iasmin lucindo
400,bobby green vs. jared gordon
400,brad tavares vs. bruno silva
400,curtis blaydes vs. sergei pavlovich
401,hailey cowan vs. jamey-lyn horth
401,journey newson vs. marcus mcghee
401,irina alekseeva vs. stephanie egger
401,charles johnson vs. cody durden
401,jake collier vs. martin buday
402,josh quinlan vs. trey waters
402,marcos rogerio de lima vs. waldo cortes-acosta
402,fernando padilla vs. julian erosa
402,cody brundage vs. rodolfo vieira
402,caio borralho vs. michal oleksiejczuk
402,ricky simon vs. song yadong
403,daniel santos vs. johnny munoz
403,claudio ribeiro vs. joseph holmes
403,rafael estevam vs. zhalgas zhumagulov
403,ikram aliskerov vs. phil hawes
403,braxton smith vs. parker porter
404,marina rodriguez vs. virna jandiroba
404,khaos williams vs. rolando bedoya
404,devin clark vs. kennedy nzechukwu
404,drew dober vs. matt frevola
405,charles jourdain vs. kron garcie
405,diego lopes vs. movsar evloev
405,jessica andrade vs. yan xiaonan
405,belal muhammad vs. gilbert burns
405,aljamain sterling vs. henry cejudo
407,alex morono vs. tim means
407,carlos ulberg vs. ihor poteria
407,daniel rodriguez vs. ian garry
407,anthony smith vs. johnny walker
407,jailton almeida vs. jairzinho rozenstruik
408,takashi sato vs. themba gorimbo
408,natalia silva vs. victoria leonardo
408,chase hooper vs. nick fiore
408,ilir latifi vs. rodrigo nascimento
408,gilbert urbina vs. orion cosce
408,karolina kowalkiewicz vs. vanessa demopoulos
408,hayisaer maheshate vs. viacheslav borshchev
409,diego ferreira vs. michael johnson
409,andre fialho vs. joaquin buckley
409,emily ducote vs. lupita godinez
409,anthony hernandez vs. edmen shahbazyan
409,angela hill vs. mackenzie dern
410,maxim grishin vs. philipe lins
410,da'mon blackshear vs. luan lacerda
410,elise reed vs. jinh yu frey
410,jamie mullarkey vs. muhammad naimov
410,john castaneda vs. muin gafurov
410,andrei arlovski vs. don'tale mayes
410,daniel santos vs. johnny munoz 2
411,abubakar nurmagomedov vs. elizeu zaleski dos santos
411,karine silva vs. ketlen souza
411,tim elliott vs. victor altamirano
411,jesse butler vs. jim miller
411,alex caceres vs. daniel pineda
411,amir albazi vs. kai kara-france
412,diana belbita vs. maria oliveira
412,david dvorak vs. stephen erceg
413,blake bilder vs. kyle nelson
413,aiemann zahabi vs. qileng aori
413,jasmine jasudavicius vs. miranda maverick
413,chris curtis vs. nassourdine imavov
414,eryk anders vs. marc-andre barriault
414,dan ige vs. nate landwehr
414,adam fugitt vs. mike malott
414,beneil dariush vs. charles oliveira
414,amanda nunes vs. irene aldana
415,modestas bukauskas vs. zac pauga
415,dan argueta vs. ronnie lawrence
415,gabriella fernandes vs. tereza bleda
415,felipe bunes vs. zhalgas zhumagulov
415,carlos hernandez vs. denys bondar
415,cristian quiñonez vs. kang kyung-ho
415,alessandro costa vs. jimmy flick
416,muslim salikhov vs. nicolas dalby
416,manuel torres vs. nikolas motta
416,lucas almeida vs. pat sabatini
416,armen petrosyan vs. christian leroy duncan
416,arman tsarukyan vs. joaquim silva
416,jared cannonier vs. marvin vettori
417,cody brundage vs. sedriques dumas
417,jack jenkins vs. jamall emmers
417,chepe mariscal vs. trevor peek
417,joshua van vs. zhalgas zhumagulov
417,gillian robertson vs. tabatha ricci
417,loik radzhabov vs. mateusz rębecki
417,randy brown vs. wellington turman
417,neil magny vs. philip rowe
419,brunno ferreira vs. nursulton ruziboev
419,benoit saint-denis vs. ismael bonfim
419,ariane lipski vs. melissa gatto
419,max griffin vs. michael morales
419,damir ismagulov vs. grant dawson
419,abus magomedov vs. sean strickland
420,alonzo menifield vs. jimmy crute 2
420,denise gomes vs. yazmin jauregui
420,jack della maddalena vs. josiah harrell
420,niko price vs. robbie lawler
421,bo nickal vs. val woodburn
421,dan hooker vs. jailin turner
421,dricus du plessis vs. robert whittaker
421,alexandre pantoja vs. brandon moreno
421,alexander volkanovski vs. yair rodriguez
422,nazim sadykhov vs. terrance mckinney
422,chelsea chandler vs. norma dumont
422,albert duraev vs. junyong park
422,francisco prado vs. ottman azaitar
422,bassil hafez vs. jack della maddalena
422,holly holm vs. mayra bueno silva
423,daniel barez vs. jafel filho
423,bruna brasil vs. shauna bannon
423,chris duncan vs. yanal ashmouz
423,ketlen vieira vs. pannie kianzad
423,bryan barberena vs. makhmud muradov
423,jamal pogues vs. mick parkin
423,joel alvarez vs. marc diakiese
423,danny roberts vs. jonny parsons
423,daniel marcos vs. davey grant
424,josh culibao vs. lerone murphy
424,fares ziam vs. jai herbert
424,andre muniz vs. paul craig
424,andre fili vs. nathaniel wood
424,julija stoliarenko vs. molly mccann
424,marcin tybura vs. tom aspinall
425,miranda maverick vs. priscila cachoeira
425,matthew semelsberger vs. uros medic
426,darrius flowers vs. jake matthews
426,claudio ribeiro vs. roman kopylov
426,cj vergara vs. vinicius salvador
426,gabriel bonfim vs. trevin giles
427,kevin holland vs. michael chiesa
427,bobby green vs. tony ferguson
427,derrick lewis vs. marcoas rogerio de lima
427,alex pereira vs. jan blachowicz
427,dustin poirier vs. justin gaethje
428,assu almabayev vs. ode osbourne
428,cody durden vs. jake hadley
428,dennis buzukja vs. sean woodson
428,carlston harris vs. jeremiah wells
428,kyler phillips vs. raoni barcelos
428,billy quarantillo vs. damon jackson
429,ignacio bahamondes vs. ľudovít klein
429,aleksa camur vs. tanner boser
429,diego lopes vs. gavin tucker
429,dustin jacoby vs. kennedy nzechukwu
429,jessica andrade vs. tatiana suarez
429,cory sandhagen vs. rob font
430,juliana miller vs. luana santos
430,da'mon blackshear vs. jose johnson
430,jaqueline amorim vs. montserrat conejo
430,josh parisian vs. martin buday
430,francis marshall vs. isaac dulgarian
430,mike breeden vs. terrance mckinney
430,jp buys vs. marcus mcghee
431,jamie pickett vs. josh fremd
431,aj dobson vs. tafon nchukwi
431,iasmin lucindo vs. polyana viana
431,chris daukaus vs. khalil rountree jr.
431,cub swanson vs. hakeem dawodu
431,rafael dos anjos vs. vicente luque
432,karine silva vs. maryna moroz
432,andrea lee vs. natalia silva
432,andre petroski vs. gerald meerschaert
433,brad katona vs. cody gibson
433,austin hubbard vs. kurt holobaugh
433,denis tiuliulin vs. gregory rodrigues
433,brad tavares vs. chris weidman
434,marlon vera vs. pedro munhoz
434,da'mon blackshear vs. mario bautista
434,ian machado garry vs. neil magny
434,amanda lemos vs. zhang weili
434,aljamain sterling vs. sean o'malley
435,jarno errens vs. seungwoo choi
435,jj aldrich vs. liang na
435,billy goff vs. yusaku kinoshita
435,rolando bedoya vs. song kenan
435,chidi njokuani vs. michal oleksiejczuk
435,garrett armfield vs. toshiomi kazama
435,lukasz brzeski vs. waldo cortes-acosta
436,junior tafa vs. parker porter
436,erin blanchfield vs. taila santos
436,fernie garcia vs. rinya nakamura
436,alex caceres vs. giga chikadze
436,anthony smith vs. ryan spann 2
436,max holloway vs. the korean zombie
437,jacqueline cavalcanti vs. zarah fairn dos santos
437,farid basharat vs. kleydson rodrigues
437,joselyne edwards vs. nora cornolle
437,ange loosa vs. rhys mckee
437,caolan loughran vs. taylor lapilus
438,manolo zecchini vs. morgan charriere
438,william gomis vs. yanis ghemmouri
438,bogdan guskov vs. volkan oezdemir
438,benoit saint-denis vs. thiago moises
438,manon fiorot vs. rose namajunas
438,ciryl gane vs. serghei spivac
439,kevin jousset vs. kiefer crosbie
439,gabriel miranda vs. shane young
439,charlie radtke vs. mike mathetha
440,landon quinones vs. nasrat haqparast
440,jamie mullarkey vs. john makdessi
440,chepe mariscal vs. jack jenkins
440,carlos ulberg vs. jung da un
441,anton turkalj vs. tyson pedro
441,austen lane vs. justin tafa
441,felipe dos santos vs. manel kape
441,alexander volkov vs. tai tuivasa
441,israel adesanya vs. sean strickland
442,josefine knutsson vs. marnic mann
442,alex reyes vs. charlie campbell
442,jasmine jasudavicius vs. tracy cortez
442,daniel lacerda vs. edgar chairez
442,josh fremd vs. roman kopylov
442,elise reed vs. loopy godinez
443,fernando padilla vs. kyle nelson
443,christos giagos vs. daniel zellhuber
443,raul rosas jr. vs. terrence mitchell
443,jack della maddalena vs. kevin holland
443,alexa grasso vs. valentina shevchenko 2
444,montserrat rendon vs. tamires vidal
444,hannah goldy vs. mizuki inoue
444,jake collier vs. mohammed usman
444,cody brundage vs. jacob malkoun
444,andre fialho vs. tim means
444,dan argueta vs. miles johns
445,charles jourdain vs. ricardo ramos
445,aj fletcher vs. bryan battle
445,marina rodriguez vs. michelle waterson-gomez
445,bryce mitchell vs. dan ige
445,mateusz gamrot vs. rafael fiziev
446,jj aldrich vs. montana de la rosa
446,johnny muñoz vs. qileng aori
446,kanako murata vs. vanessa demopoulos
446,mateus mendonca vs. nathan maness
446,diana belbita vs. karolina kowalkiewicz
446,ion cuțelaba vs. philipe lins
447,alexander hernandez vs. bill algeo
447,drew dober vs. rick glenn
447,alex morono vs. joaquin buckley
447,abdul razak alhassan vs. joe pyfer
447,bobby green vs. grant dawson
448,cameron saaiman vs. christian rodriguez
448,daniel lacerda vs. edgar chairez 2
448,andre petroski vs. michel pereira
448,adrian yanez vs. jonathan martinez
448,jennifer maia vs. viviane araujo
448,edson barboza vs. sodiq yusuff
449,raoni barcelos vs. umar nurmagomedov
449,ketlen vieira vs. raquel pennington
449,punahele soriano vs. roman kopylov
449,damon jackson vs. dan ige
449,nassourdine imavov vs. sean strickland
450,ashley yoder vs. emily ducote
450,alatengheili  vs. chris gutierrez
450,irina alekseeva vs. melissa dixon
450,brendon marotte vs. terrance mckinney
450,ravena oliveira vs. tainara lisboa
450,darren elkins vs. tj brown
451,bruno silva vs. shara magomedov
451,jinh yu frey vs. viktoriia dudakova
451,muhammad naimov vs. nathaniel wood
451,anshul jubli vs. mike breeden
451,abu azaitar vs. sedrique dumas
451,javid basharat vs. victor henry
451,mohammad yahya vs. trevor peek
451,muhammad mokaev vs. tim elliott
452,muin gafurov vs. said nurmagomedov
452,ikram aliskerov vs. warlley alves
452,johnny walker vs. magomed ankalaev
452,kamaru usman vs. khamzat chimaev
452,alexander volkanovski vs. islam makhachev 2
453,kaue fernandes vs. marc diakiese
453,eduarda moura vs. montserrat ruiz
453,angela hill vs. denise gomes
453,modestas bukauskas vs. vitor petrino
453,elizeu zaleski dos santos vs. rinat fakhretdinov
453,elves brenner vs. kaynan kruschewsky
454,armen petrosyan vs. rodolfo vieira
454,abus magomedov vs. caio borralho
454,don'tale mayes vs. rodrigo nascimento
454,gabriel bonfim vs. nicolas dalby
454,derrick lewis vs. jailton almeida
455,dennis buzukja vs. jamall emmers
455,joshua van vs. kevin borjas
455,john castaneda vs. kang kyung-ho
455,jared gordon vs. mark madsen
456,nazim sadykhov vs. viacheslav borshchev
456,mateusz rębecki vs. roosevelt roberts
456,lupita godinez vs. tabatha ricci
456,alessandro costa vs. steve erceg
457,diego lopes vs. pat sabatini
457,benoit saint denis vs. matt frevola
457,jéssica andrade vs. mackenzie dern
457,sergei pavlovich vs. tom aspinall
457,alex pereira vs. jiri prochazka
458,charles johnson vs. rafael estevam
458,nikolas motta vs. trey ogden
458,ailin perez vs. lucie pudilová
458,jeka saragih vs. lucas alexander
458,caio machado vs. mick parkin
458,christian leroy duncan vs. denis tiuliulin
458,chad anheliger vs. jose johnson
458,joanderson brito vs. jonathan pearce
459,myktybek orolbai vs. uroš medić
459,amanda ribas vs. luana pinheiro
459,nick aguirre vs. payton talbott
459,chase hooper vs. jordan leavitt
459,jake matthews vs. michael morales
459,brendan allen vs. paul craig
460,jamey-lyn horth vs. veronica macedo
460,jared gooden vs. wellington turman
460,ihor potieria vs. rodolfo bellato
460,drakkar klose vs. joe solecki
460,cody brundage vs. zachary reese
460,julia avila vs. miesha tate
461,dustin stoltzfus vs. punahele soriano
461,clay guida vs. joaquim silva
461,kelvin gastelum vs. sean brady
461,deiveson figueiredo vs. rob font
461,bobby green vs. jalin turner
461,arman tsarukyan vs. beneil dariush
462,rayanne dos santos vs. talita alencar
462,carlos hernandez vs. tatsuro taira
462,luana santos vs. stephanie egger
462,melquizael costa vs. steve garcia
462,park hyun-sung vs. shannon ross
462,kevin jousset vs. song kenan
463,andre muniz vs. park jun-yong
463,su mudaerji vs. tim elliot
463,jamie mullarkey vs. nasrat haqparast
463,anthony smith vs. khalil rountree jr.
463,chris gutierrez vs. song yadong
464,martin buday vs. shamil gaziev
464,andre fili vs. lucas almeida
464,cody durden vs. tagir ulanbekov
465,ariane lipski vs. casey o'neill
465,brian kelleher vs. cody garbrandt
465,irene aldana vs. karol rosa
465,alonzo menifield vs. dustin jacoby
466,bryce mitchell vs. josh emmett
466,paddy pimblett vs. tony ferguson
466,shavkat rakhmonov vs. stephen thompson
466,alexandre pantoja vs. brandon royval 2
466,colby covington vs. leon edwards
467,mike malott vs. yohan lainesse
467,montana de la rosa vs. tatiana suarez
467,augusto sakai vs. don'tale mayes
467,andre muniz vs. brendan allen
467,nikita krylov vs. ryan spann
468,felipe bunes vs. joshua van
468,nikolas motta vs. tom nolan
468,jean silva vs. westin wilson
468,farid basharat vs. taylor lapilus
468,gaston bolanos vs. marcus mcghee
468,matthew semelsberger vs. preston parsons
468,andrei arlovski vs. waldo cortes-acosta
469,brunno ferreira vs. phil hawes
469,mario bautista vs. ricky simon
469,gabriel benitez vs. jim miller
469,manel kape vs. matheus nicolau
469,johnny walker vs. magomed ankalaev 2
470,gillian robertson vs. polyana viana
470,ramon taveras vs. serhiy sidey
470,charles jourdain vs. sean woodson
470,brad katona vs. garrett armfield
471,arnold allen vs. movsar evloev
471,chris curtis vs. marc-andre barriault
471,mike malott vs. neil magny
471,mayra bueno silva vs. raquel pennington
471,dricus du plessis vs. sean strickland
472,jamal pogues vs. thomas petersen
472,landon quiñones vs. marquel mederos
472,julija stoliarenko vs. luana carolina
472,blake bilder vs. lee jeong yeong
472,pete rodriguez vs. themba gorimbo
472,azat maksum vs. charles johnson
472,diana belbita vs. molly mccann
473,charles radtke vs. gilbert urbina
473,aliaskhab khizriev vs. makhmud muradov
473,natalia silva vs. viviane araujo
473,muslim salikhov vs. randy brown
473,drew dober vs. renato moicano
473,nassourdine imavov vs. roman dolidze
474,daniel marcos vs. qileng aori
474,fernie garcia vs. hyder amil
474,bogdan guskov vs. zac pauga
474,jeremiah wells vs. max griffin
474,devin clark vs. marcin prachnio
474,bruna brasil vs. loma lookboonme
474,bolaji oki vs. timothy cuamba
474,carlos prates vs. trevin giles
475,armen petrosyan vs. rodolfo vieira 2
475,darrius flowers vs. michael johnson
475,brad tavares vs. gregory rodrigues
475,ihor potieria vs. robert bryczek
475,andre fili vs. dan ige
475,jack hermansson vs. joe pyfer
476,miranda maverick vs. andrea lee
476,oban elliott vs. val woodburn
476,danny barlow vs. josh quinlan
477,brendson ribeiro vs. zhang mingyang
477,carlos vera vs. rinya nakamura
477,junior tafa vs. marcos rogerio de lima
477,amanda lemos vs. mackenzie dern
478,anthony hernandez vs. roman kopylov
478,henry cejudo vs. merab dvalishvili
478,geoff neal vs. ian garry
478,paulo costa vs. robert whittaker
478,alexander volkanovski vs. ilia topuria
479,matt schnell vs. steve erceg
479,bekzat almakhan vs. umar nurmagomedov
479,alex perez vs. muhammad mokaev
479,tyson pedro vs. vitor petrino
479,jairzinho rozenstruik vs. shamil gaziev
480,joanne wood vs. maryna moroz
480,assu almabayev vs. cj vergara
480,josh parisian vs. robelis despaigne
480,michal oleksiejczuk vs. michel pereira
480,ion cutelaba vs. philipe lins
481,kyler phillips vs. pedro munhoz
481,mateusz gamrot vs. rafael dos anjos
481,katlyn cerminara vs. maycee barber
481,curtis blaydes vs. jailton almeida
482,petr yan vs. song yadong
482,gilbert burns vs. jack della maddalena
482,kevin holland vs. michael page
482,benoit saint-denis vs. dustin poirier
482,marlon vera vs. sean o'malley 2
483,chidi njokuani vs. rhys mckee
483,bill algeo vs. kyle nelson
483,nursulton ruziboev vs. sedriques dumas
483,bruno silva vs. chris weidman
483,joaquin buckley vs. vicente luque
483,erin blanchfield vs. manon fiorot
484,cody garbrandt vs. deiveson figueiredo
484,bobby green vs. jim miller
484,jéssica andrade vs. marina rodriguez
484,jalin turner vs. renato moicano
485,diego lopes vs. sodiq yusuff
485,holly holm vs. kayla harrison
485,aljamain sterling vs. calvin kattar
485,aleksandar rakic vs. jiri prochazka
486,bo nickal vs. cody brundage
486,arman tsarukyan vs. charles oliveira
486,justin gaethje vs. max holloway
486,yan xiaonan vs. zhang weili
486,alex pereira vs. jamahal hill
487,jean silva vs. william gomis
487,elves brener vs. myktybek orolbai
487,iasmin lucindo vs. karolina kowalkiewicz
487,jack shore vs. joanderson brito
488,caio borralho vs. paul craig
488,ihor poteria vs. michel pereira
488,anthony smith vs. vitor petrino
488,jonathan martinez vs. josé aldo
488,alexandre pantoja vs. steve erceg
489,robelis despaigne vs. waldo cortes-acosta
489,alex caceres vs. sean woodson
489,diego ferreira vs. mateusz rebecki
489,alonzo menifield vs. carlos ulberg
489,joaquin buckley vs. nursulton ruziboev
489,derrick lewis vs. rodrigo nascimento
490,andre lima vs. mitch raposo
490,ailin perez vs. joselyne edwards
490,bassil hafez vs. mickey gall
491,jake matthews vs. phil rowe
491,grant dawson vs. joe solecki
491,alexander romanov vs. jailton almeida
491,cesar almeida vs. roman kopylov
492,elizeu zaleski dos santos vs. randy brown
492,alex morono vs. niko price
492,kevin holland vs. michal oleksiejczuk
492,paulo costa vs. sean strickland
492,dustin poirier vs. islam makhachev
493,johnny walker vs. volkan oezdemir
493,antonio trocoli vs. shara magomedov
493,daniel rodriguez vs. kelvin gastelum
493,alexander volkov vs. sergei pavlovich
493,ikram aliskerov vs. robert whittaker
494,ricky simon vs. vinicius oliveira
494,carlos hernandez vs. rei tsuruya
494,andrei arlovski vs. martin buday
494,gillian robertson vs. michelle waterson-gomez
495,payton talbott vs. yanis ghemmouri
495,charles jourdain vs. jean silva
495,andre fili vs. cub swanson
495,joe pyfer vs. marc-andre barriault
496,ian machado garry vs. michael page
496,macy chiasson vs. mayra bueno silva
496,anthony smith vs. roman dolidze
496,brian ortega vs. diego lopes
496,alex pereira vs. jiri prochazka 2
497,alice ardelean vs. shauna bannon
497,lukasz brzeski vs. mick parkin
497,kiefer crosbie vs. sam patterson
497,manel kape vs. muhammad mokaev
497,oban elliott vs. preston parsons
498,arnold allen vs. giga chikadze
498,christian leroy duncan vs. gregory rodrigues
498,king green vs. paddy pimblett
498,curtis blaydes vs. tom aspinall 2
498,belal muhammad vs. leon edwards 2
499,jesus aguilar vs. stewart nicoll
499,ricky glenn vs. song kenan
499,alex reyes vs. tom nolan
500,carlos prates vs. li jingliang
500,jairzinho rozenstruik vs. tai tuivasa
500,dan hooker vs. mateusz gamrot
500,kai kara-france vs. steve erceg
500,dricus du plessis vs. israel adesanya
501,aoriqileng  vs. raúl rosas jr.
502,ode osbourne vs. ronaldo rodriguez
502,daniel zellhuber vs. esteban ribovics
502,brian ortega vs. diego lopes 2
502,alexa grasso vs. valentina shevchenko 3
502,merab dvalishvili vs. sean o'malley
503,court mcgee vs. tim means
503,carla esparza vs. tecia pennington
503,ovince saint preux vs. ryan spann
504,kayla harrison vs. ketlen vieira
504,kevin holland vs. roman dolidze
504,josé aldo vs. mario bautista
504,julianna pena vs. raquel pennington
504,alex pereira vs. khalil rountree jr.